Hurricane,Cammy,468054,Cameroon,3194407
Juicyjoe2000,JP,451355,Sweden,1018171
FF16,Dee Jay,380250,United States,1806269
noahtheprodigy,Luke,378440,United States,1911585
JUNINHO-RAS,Luke,365152,Brazil,3256070
Sayff,Ken,340324,Canada,1929352
BananaKen,JP,337595,United States,1114446
重庆罗晓虎,Chun-Li,332204,China,2106372
Ctown88,Dee Jay,328293,United States,1853057
FluxWaveZ,JP,327596,Canada,2669556
RonaldinhoBR,Blanka,323451,Brazil,3021685
bilibili张昔日,Cammy,316846,China,2416217
NLNL,Luke,311507,South Korea,2358607
Musclenoob,Ken,308293,United Kingdom,1688309
RANDUMB,Manon,307331,Germany,1722176
Tw-WallyWest__,Cammy,303593,Turkey,1694805
HorusPaulin,Jamie,297663,Brazil,3320807
Korupt,Marisa,296642,Other,2329838
JoeyFGC,Manon,295074,United States,897796
Paladin,Ryu,291654,United States,1866239
otaku-cn,Rashid,290588,China,540504
-TAKAMURA,Ken,289290,Belgium,1427951
Poverty Mixups,JP,288540,United States,2011058
Rando,Zangief,282303,United States,1620068
Pastafiend,Edmond Honda,282033,United States,2146790
Fchampryan,Dhalsim,278281,United States,2295723
Broski,A.K.I.,276754,United Kingdom,1675223
EGO│armperor,Ken,274382,South Korea,2660452
PhenomTheMoose,Ken,273908,Norway,2716216
satoru_pc,Rashid,273683,Japan,1870123
tamanegitaberu,Luke,273252,Japan,9147847
Lexx,Guile,270297,Honduras,723672
Noble,Luke,268785,Japan,1255643
DaigoTheBeasTV,Ken,268704,Japan,1793627
VicinalCorgi,Cammy,268085,South Korea,1882593
DARK817-RAS,JP,265735,Brazil,1338619
_ts_,Ken,265623,Japan,1596686
JBJB,Rashid,263902,Honduras,1818815
QueenJAK,Juri,262797,United States,1073476
みなぎ＠メンタルコーチ,Lily,262033,Japan,3962477
魚群なるお,Jamie,261653,Japan,2508325
Jazdero,JP,260390,Mexico,1731093
神木C_,JP,259869,Japan,3578127
fat_aze,Dee Jay,259718,Other,914929
CPU Level 5,Chun-Li,259394,Japan,1493359
Moss.HD,Cammy,259180,United States,2406723
Brayan_Job,Dee Jay,258994,Brazil,1501420
osugi_bent,Cammy,257998,Japan,1823288
Cuongster,JP,257942,France,1156996
AmyDARC,Luke,257867,Other,1218098
hikaru_shiftne,A.K.I.,257764,Japan,2121920
vaio,Ken,257221,Japan,1183143
801 Strider,Marisa,257024,United States,1538965
さとちゃん黄金一閃300,Zangief,256588,Japan,2066377
DDT!,Luke,255905,Japan,2135155
NISHIKIN,Blanka,255882,Japan,1629864
しろ＝ろ,Ryu,255362,Japan,2010753
Tokido,Ken,254871,Japan,1868024
Problem X,Marisa,254604,United Kingdom,2621836
ChrisWong,Luke,254404,Other,1096662
Zangief_bolado,Zangief,253642,Brazil,1251136
ナリ君PRO【本物】Tw配信☆,Kimberly,253345,Japan,5231935
kobayan,Zangief,253148,Japan,1255082
ElChakotay,Lily,252959,United States,935808
SURINI,Kimberly,252601,South Korea,1571180
えびはら/ebihara,Luke,252288,Japan,2268532
Babaaaaa,Manon,251529,Japan,1895011
donguri bird,Marisa,251423,Japan,3459024
YHC-餅,Dhalsim,251394,Japan,1105672
WIP｜ジャッシー,JP,251267,Japan,1619210
3S/きんちょーるTwitch,Ken,251123,Japan,1891649
MacsSama,Marisa,250884,United States,1394432
emerald,Kimberly,250520,France,3129732
ll Moke ll,Chun-Li,250370,Japan,1896319
RaInPrO,Guile,250251,Other,1745192
matsu56,Kimberly,250183,Japan,2489909
RaMaD,Dhalsim,249327,Mauritius,1740122
VrsEnock,Kimberly,249256,Brazil,1274041
e-spopia | なし,Juri,248894,Japan,1608802
彭-丽-媛的姘头,JP,248536,China,597462
るろうに,Marisa,248096,Japan,1613011
Pertusi77,Ken,247821,Argentina,1786615
VC15,Ken,247739,China,445034
カワイイゾ　ぶらんかチャン！,Blanka,247684,Japan,1630101
Popeye,Luke,247508,Other,1605975
Beslem,Luke,247468,France,1442860
WIP｜ジャッシー,Kimberly,247449,Japan,1619210
viet1001,Luke,247155,United States,3034741
taketake-piano,JP,247057,Japan,2090375
ZydaniFGC,Marisa,246772,Brazil,1732576
xx_CURRYMAN_xx,Edmond Honda,246395,Japan,1842384
word,A.K.I.,246110,China,1763095
SHOOTING!,Guile,245805,United States,991441
あくたがわ,Manon,245685,Japan,1655291
DEEBONEZ,Zangief,245252,United States,2093519
宮沢鬼龍,A.K.I.,245249,Japan,2035093
CeroBlast,Ken,245161,Canada,1365886
Torimeshi,Dhalsim,244507,Japan,1060502
Lee Win,Cammy,244192,Cambodia,2075458
Kilzyou,Juri,244128,France,1290266
SBI_Hibiki,Lily,243437,Japan,901159
三田JP,JP,243178,Other,1044721
meikyo,Ken,242775,Japan,2052417
ジョジョ太郎,Ken,242686,Japan,1924241
FluxWaveZ,A.K.I.,242516,Canada,2669556
Babaaaaa,Luke,241664,Japan,1895011
kawano,Luke,241372,Japan,1790001
さうたむ,Cammy,241079,Japan,3371069
EGO│armperor,Luke,240843,South Korea,2660452
XxETxXBR,Lily,240842,Brazil,2041211
ACQUA,JP,240755,Japan,2289948
jazzzzy,Luke,240551,Japan,1015711
Tony_PC,JP,240331,Japan,556192
itazan-pc,Marisa,240063,Japan,1870485
Junior,Zangief,239871,Japan,1507110
Problem X,Blanka,239342,United Kingdom,2621836
DFMJohntakeuchl,Rashid,239063,Japan,3252672
Axela,JP,238984,Japan,1627997
でんせつえすぴ～,Juri,238712,Japan,2273401
Kresent,Rashid,238558,United States,2385682
Soriku16,Chun-Li,237910,United States,908208
nemosuJunichiJr,Kimberly,237495,Japan,2247391
ASASE,Zangief,237450,Japan,1924629
coup0n,Zangief,237384,United States,2769815
Oil King,Rashid,236983,Other,875421
Ferreras,Cammy,236801,Dominican Republic,1918752
Chaminsky,Zangief,236704,Japan,3949570
DoU_Know_Kimchi,Edmond Honda,236612,South Korea,1737445
おばけ505,Ken,235703,Japan,1277503
ROBINHO DA ILHA,Dee Jay,235633,Brazil,2456081
Kimchi-Slapper,JP,235424,United States,1441605
雄次郎【Yujiro】,JP,234984,Japan,1216707
HotDog29gg,Dee Jay,234929,Other,1551276
sivakaeru,Lily,234803,Japan,2760200
fiachan,Chun-Li,234708,Japan,2255432
edamakotoTwitch,Chun-Li,234420,Japan,1103500
Sekiganryu,Ryu,234379,Japan,1634516
KUSANAGI,Ken,234173,Mexico,744454
BlazeDeathBlade,A.K.I.,234164,United States,1703572
だいこく,Guile,233959,Japan,1588022
kuromame,Luke,233662,Japan,2151250
Ugang,Luke,233619,Other,1254439
ぽてぽてキリン,Rashid,233506,Other,3177441
だだっだ,Juri,233439,Japan,2205674
DRX LeShar,Chun-Li,233308,South Korea,1066187
Kazunoko,Cammy,233301,Japan,1682459
NightMareEffecT,Dee Jay,233008,Other,1973940
Akakuro,Marisa,232902,Japan,2135481
Nemo1127,JP,232806,Japan,1676864
SolVNG2,Luke,232714,Mexico,2752897
きんぐすベガ,Blanka,232677,Japan,1692940
KDL EnPetard,Dee Jay,232577,France,2332373
なふたれん,Guile,232528,Japan,1324371
Poppy_D_Weller,Cammy,232037,Japan,2832661
naooonn,Luke,231846,Japan,2550584
iPeru,Lily,231728,Peru,2416398
RocksteadyBR,Blanka,231558,Brazil,2351629
midori,Marisa,231508,South Korea,2234363
bravery,Cammy,231490,Singapore,756255
B站魔都100两两,Blanka,231448,China,1960784
HG|Kai k,Edmond Honda,231208,Chile,1535570
りょうつ,Ken,230659,Japan,3678226
SAMYUWEN,Blanka,230492,Japan,1456093
Joined the Meta,Zangief,230444,United States,1597630
Daze_729,Rashid,230161,South Korea,1467630
Cirde,Dee Jay,230040,United States,2074227
동탄_톰하디(GasMan),Luke,229968,South Korea,1008479
Syuji/シュウジ,Guile,229945,Japan,1463213
つぉーか,Guile,229679,Japan,1675906
MindRPG,Luke,229591,Thailand,3529482
屈託無くぶん殴った仏陀,Marisa,229250,Japan,1546860
Adrian Riven,Ken,229235,Cuba,1449791
naumanzoh,Ken,229225,Japan,1956296
iRandomlyMash,Luke,228988,Somalia,1762731
Valmaster,Chun-Li,228668,France,1275487
kosaku,Cammy,228642,Japan,1817125
1100g,Juri,228564,Japan,1734601
orarin1,Ken,228443,Japan,1273086
shin7270,Rashid,228422,Japan,1824492
Patelana,Juri,228384,Chile,1719997
Will2pac,Cammy,228372,France,2682309
AC-6,Dee Jay,228278,Other,530758
格闘家-绿豆,Chun-Li,228206,China,1423276
KEI.B,JP,228091,Japan,671638
LF | GHØST 亥,Dee Jay,227899,Brazil,2520122
KR_Wrestlingman,Juri,227878,South Korea,2066234
Shaka22,Dhalsim,227876,Argentina,1186916
theforce90,Ken,227610,Brazil,1556287
Boltstrike,Jamie,227406,United Kingdom,2308143
アルデシン,Marisa,227202,Japan,2485149
たこカス,Luke,227059,Japan,1722057
TDino,Guile,227012,Mexico,1496194
うめみょん,Marisa,226897,Japan,1909832
b站不利龙珠,Juri,226804,China,1592817
NEPHEW237142,Juri,226717,United States,1469370
たゆたゆ,Marisa,226489,Japan,886460
Yanai,Marisa,226463,Japan,1695055
MJ_Gama,JP,226336,Mexico,1922471
XLNL,Jamie,226335,South Korea,1977478
深呼吸します,Rashid,226294,Japan,1524935
KOFCHORRERA_507,JP,226218,Panama,2149024
BSIDA,Ken,226153,Other,1561290
Ryukichi,Ken,226121,Japan,1198713
Samurai,Luke,225968,Cambodia,608964
KUSANAGI,Luke,225911,France,1047541
アッキー,Dee Jay,225887,Japan,1046107
Pulgaa,Luke,225243,France,1956439
ミゲル伊藤,JP,225048,Japan,1859043
びちろー,Kimberly,225007,Japan,998560
Fenritti,JP,224915,Japan,1131053
nvedtest,Juri,224898,United States,960912
MOTHMAN,Cammy,224554,United States,1373672
Zach,Guile,224548,United States,1797296
Battra€,Kimberly,224498,Japan,526201
Brian_F,JP,224480,United States,1141518
へるちゃん,Chun-Li,224340,Japan,2817868
COMPLEX90,Dee Jay,224090,Dominican Republic,1897392
JOE_UMEROGAN,Luke,224007,Canada,1382688
激動のマタドール,Chun-Li,223998,Japan,7695110
Felthi,Luke,223850,Japan,1093700
CaptainY,Juri,223824,Singapore,1316961
小宅Douyu,Cammy,223558,China,1200387
筋トレ大好き,Manon,223464,Japan,3316586
suzuki_we,Cammy,223339,Japan,2550156
BonchanRB,Luke,223218,Japan,1659944
Haar_ryu,Ryu,222635,Japan,1027643
Vermillion Bird,Cammy,222497,China,680902
PureFootsies,Ken,222465,United States,2109382
SnakeJr,Ken,222111,Brazil,2124639
不会玩的,Dhalsim,221959,Other,1388477
そそそう,Ken,221548,Japan,2125026
GG_惰性,Ken,221510,Japan,3622680
Capitão Gancho,Jamie,221428,Brazil,1088944
抖音成都杰娃jiewa,Ken,221378,China,1691432
おさゆ～＠申し訳なすび,Cammy,221167,Japan,913668
galtu,Lily,221099,Japan,1492560
rapiD,JP,220973,United Kingdom,1585478
Fuudo,Dee Jay,220719,Japan,1391140
ranndo,Kimberly,220638,Japan,1746435
doruko,Dee Jay,220612,Japan,1286341
YOZOLA,Jamie,220611,Japan,1057724
段階だよAlisa,Luke,220604,Japan,2732354
ラテンアメリカンオーサー,Dee Jay,220585,Japan,1714725
Princess Peach,JP,220541,North Korea,840541
coco,Chun-Li,220503,Japan,2314440
Dynamite-PC,Zangief,220422,Japan,774032
foxxxx,Juri,220386,Japan,1930862
Free Palestine,Marisa,220372,Canada,1308850
JAH_LEXE,Ken,220259,Brazil,1023134
☆春日☆,Luke,220161,Japan,906436
Youshikibi,Cammy,220123,Japan,743950
drinku,Jamie,220110,Kuwait,874155
あっくん001Twitch,Ken,220070,Japan,1671313
チャッキーですよ_twitch,Jamie,220035,Japan,1498755
ふじい/FUJII,Ryu,220008,Japan,2501228
JACK_DOLL,Juri,219996,Japan,1737697
semy28,Ryu,219956,Germany,1115615
りゅうてる,Guile,219876,Japan,2306758
かまやん,Marisa,219653,Japan,1937666
HKDASH,Cammy,219572,Brazil,889444
すますと,Jamie,219567,Japan,2251795
higg,Guile,219549,South Korea,1632104
Alexis2904,Guile,219441,Brazil,1818405
魚群なるお,Ryu,219244,Japan,2508325
Whitelight678,JP,219217,China,2038940
九条/MG_Kujou,Lily,218832,Japan,941355
SFT GuillerBR,Guile,218691,Brazil,1312149
地元最強マン_twitch,Luke,218536,Japan,1492024
OneMan-Aron,Jamie,218375,Indonesia,569928
aoyama,Dee Jay,218278,Other,1398706
シェル・ザ・ノーリミット,A.K.I.,218200,Other,1491516
へかとん,Blanka,218108,Japan,1335134
わちゃわちゃ,Luke,218014,Japan,900846
fumi39dc,Cammy,217959,Japan,1053766
Kuwait,Lily,217868,Kuwait,1570869
ShadyImpostor,Dee Jay,217742,Poland,944525
KoKeC.,Edmond Honda,217716,Japan,2153384
Asura,Luke,217584,Saint Lucia,2017644
Booce_Lee,Ken,217584,United States,1752014
千葉/Chiba,Blanka,217466,Japan,1500634
にゃんぴです,Marisa,217287,Japan,1606207
タルタルソースたくや,Dee Jay,217228,Japan,1113291
ギロチンカッター,Chun-Li,217192,Japan,2101803
SNB Johnny,Marisa,217086,Japan,1812561
SASORI,Ken,217055,Japan,1396767
小岩井バンピ乃,JP,216848,Japan,1186653
DeusFSP,Jamie,216799,United States,2222134
ruok,Ken,216695,United States,1157657
ashumaru,JP,216683,Japan,2040076
Where Is Alice?,Ken,216653,Canada,933635
Mau Mau,Dee Jay,216557,Brazil,2377565
uroncha,Zangief,216519,Japan,1819929
santaroutv,Chun-Li,216517,Japan,1304531
sakeru_twitch,Juri,216283,Japan,1758417
Mr Morton,Dee Jay,216152,United States,1598565
伝説のN井,Juri,216062,Japan,1767072
Calango Jedi,Marisa,215999,Brazil,2224339
LUGABO,Kimberly,215935,Mexico,738538
Gust,Edmond Honda,215931,Brazil,1232412
GuizinD2,JP,215929,Brazil,1886070
タカシスキー,Ryu,215755,Japan,1179509
夜明けの口笛吹き,Manon,215524,Japan,1497066
猛毒使い柳龍光,Ken,215492,China,19888
Prophet,A.K.I.,215438,United States,1562371
ザンギおじ,Zangief,215424,Japan,1089260
Luffy,Manon,215371,France,1418024
DexVaas,Luke,215331,Brazil,2876742
KOGI,Ryu,215197,Japan,1358735
Franksoa,Ken,215063,Other,1775684
うらしま,Kimberly,215015,Japan,1198342
きたせんじゅ,Dee Jay,214964,Japan,1225798
shohei,Juri,214931,Japan,1165845
Ozu.,Rashid,214838,Japan,2256716
riot,Chun-Li,214827,Japan,1108081
GOL | Synphony,Cammy,214811,United States,976671
nezu,Manon,214662,Japan,1247417
クマガイ,JP,214656,Japan,1191216
huukai_v,Cammy,214508,Japan,2092316
potengel16,Ken,214398,Japan,2024257
おーyけ,Ken,214393,Japan,1364707
Azrealito,Marisa,214386,United States,1352316
GangTheMan,JP,214259,Japan,2405315
テイエム,Marisa,214217,Other,1634353
bigprotein,Dee Jay,214150,United States,1097166
naooonn,Ken,214115,Japan,2550584
シベール,JP,214112,Japan,1321445
Pontio,Edmond Honda,214073,Japan,1806933
やまじゅん*yamajun,Ken,214073,Japan,660722
ジャバおろ,Blanka,214039,Japan,1320124
youdau,Chun-Li,214028,Japan,1598615
てつだま,Edmond Honda,213987,Japan,729881
PONGIEF-youtube,Zangief,213943,Japan,1520240
IN THE RAW,Guile,213856,South Korea,1812071
FLT12345,Chun-Li,213834,Japan,1381931
Unsung,Rashid,213824,Japan,1626217
サイバーパン君,Chun-Li,213743,Japan,788492
tooama,Ryu,213742,Japan,2374469
COROTE_666,Blanka,213697,Brazil,1007707
-DingChunQiu-,JP,213672,China,97016
ナオナナ,Luke,213554,Japan,1479754
kurobuchi_b09,Marisa,213518,Japan,1113062
EGGS iEgis3rd,Luke,213454,Japan,1611055
JPKING,JP,213444,South Korea,1475263
tomorock21,Dee Jay,213415,Japan,1302355
@Zenith,A.K.I.,213400,Brazil,1087181
Codex,Cammy,213170,Mexico,1266751
obiheart,JP,212981,Japan,1993152
-Maldominant-,Dee Jay,212946,France,1146546
Imstilldadaddy,Guile,212921,United Kingdom,1922756
highspeedchaos,Ken,212742,United States,1389165
Rikemansbarnet,Juri,212718,Sweden,1345873
Pingutaro,JP,212708,United Kingdom,1181231
おおみや,Manon,212646,Japan,1317069
おみつぼう,Edmond Honda,212623,Japan,1941037
小早川先生,Ryu,212538,Japan,1306195
Shimiso,Rashid,212496,Japan,1038870
Leeito94,Dee Jay,212384,Argentina,937196
natadecos,Kimberly,212378,Japan,1768041
iyun1212＿Twitch,Jamie,212351,Japan,1127638
bobbyboom,Rashid,212304,Other,1669217
Betty,Juri,212298,Japan,1993849
にぽっぽぽ,Dee Jay,212102,Japan,1850749
GutsBoom,JP,212045,Japan,2347196
YADE＝Taki,Marisa,211972,Japan,1659086
なおちょ,Cammy,211918,Japan,1493424
あべてる(abeteru),Luke,211862,Japan,1580120
face,Chun-Li,211855,Japan,3092959
Onikidayo,JP,211832,Japan,1386443
Ｋ Ｍ Ｒ,Dee Jay,211829,Japan,1304992
X_Guile,Guile,211763,Japan,2112807
pizzatatsu,Blanka,211755,Japan,1943083
mago2dgod,Juri,211711,Japan,2650531
infimum00,Cammy,211570,Japan,734267
誉れは浜で死にました,A.K.I.,211563,Japan,1391306
DarKsword,Chun-Li,211529,Morocco,1463145
ODアムネジア？,JP,211485,Japan,1968376
砂川 誠,Marisa,211397,Japan,1243520
InvincibleBruce,Zangief,211319,China,1292020
Emirio-Katoret,Jamie,211214,Japan,1018793
Meraaa,Luke,211138,Japan,1834690
SLC mid9poppy,Guile,211120,Japan,2551104
あーるゆーおー,JP,211047,Macedonia,1129370
FlawlessDeku,Luke,211004,United Kingdom,1826688
でるぴえろ,JP,210988,Japan,703665
tomoecunha,JP,210976,Portugal,1225012
FoxRain,Juri,210940,South Korea,1137406
mohumohu-k-dama,Zangief,210909,Japan,1116177
isniffglue69-pc,Dhalsim,210860,Australia,1869396
John Doe,Dhalsim,210777,Japan,1209100
ジャグタロ,Dee Jay,210754,Japan,1024703
SSSS.YOMIAZENON,Edmond Honda,210734,Japan,1421425
おむすび,JP,210605,Japan,1609496
KongFuHustle,Juri,210519,United States,830215
Alphen,Cammy,210481,France,1820382
希【Nozomiru】,JP,210461,Japan,1172308
Makina_Twitch,JP,210447,Japan,1367655
のうひろ,Edmond Honda,210346,Japan,3034095
kenpi,Ken,210345,Japan,1272196
uemura,Blanka,210301,Japan,1384263
Tynahan,Cammy,210230,South Korea,872462
Freebee_Houney,Rashid,210211,Japan,1470353
owaechan,Chun-Li,210188,Japan,1604327
Li_NYC,Edmond Honda,210113,United States,1181554
ヱヰ(wewi),JP,210110,Japan,1245702
知性 | nega,Kimberly,210107,Japan,1042230
el jefe,Blanka,210098,United Kingdom,1654250
Linz,Guile,210040,Egypt,816496
けんます/twitch,Luke,209854,Japan,1324277
フミティー,Luke,209808,Japan,1246089
Darkdezzy,Manon,209741,United States,1096875
ふじわら,Luke,209709,Japan,1345390
Zé da Manga,JP,209682,Brazil,2023030
Snakehead,JP,209638,South Korea,1225338
KGSP_鹿児島県民,Lily,209610,Japan,1225441
DidimoKOF,Dhalsim,209584,Brazil,906652
のりきん,Juri,209277,Japan,1464643
Lazyboredom,Marisa,209247,United States,1353323
Grahmpa,Ryu,209105,United States,2011990
hige_22,Marisa,209066,Japan,2082268
GentlemanThief,Jamie,209056,United States,1446204
山田の隣,Rashid,209056,Japan,965402
冯宝宝01,Manon,209044,China,3001438
Jonathan Saitoh,Ken,208980,Japan,1135826
とほ@nekotail,Marisa,208867,Japan,1963066
SYG | Garnet,Dhalsim,208855,Italy,1094907
Micky,Luke,208845,Other,1235893
ミッキーミキマウス,JP,208723,Japan,1672416
BlkWolverineTTV,JP,208626,United States,1407639
KEY_,Edmond Honda,208540,Japan,1646105
hiro2,Blanka,208452,Japan,874658
村田源二郎,Dee Jay,208433,Japan,813516
Canontree,Zangief,208351,South Korea,1282280
ImSpaceBoy,Luke,208171,United States,554184
ブッチンダ,Dee Jay,208169,Japan,982310
え～こちら現在沼、助けて,Jamie,208157,Japan,1625658
shouma_p5,Guile,208077,Japan,1233392
TANAKA,Ken,208006,Japan,1104040
LUCKYBOY,Dhalsim,207704,China,1085268
EMPEROR_FLAPPY,Luke,207667,United States,1150141
DEMON,Juri,207667,Other,1466764
Deznere,Kimberly,207598,United States,2178169
Eva Heinemann,Chun-Li,207526,Japan,2131810
みぜんぜんぜんぜんぜんぜんぜん,Juri,207509,Japan,830846
无知者无畏,Kimberly,207467,China,1149366
烧焦的火  (╬￣皿￣),Luke,207400,China,1331305
HISAKIN,Ryu,207373,Japan,2986709
じぇいTTV,Manon,207120,Japan,1027219
Jackie-zhu,Dhalsim,207110,China,1391042
Senbozakula,Chun-Li,207081,Malaysia,592532
メンヘラ躁鬱,JP,207063,Japan,1484140
Pinch Hopper,Cammy,207014,Other,1319451
wisteria,Rashid,206986,Japan,1299462
Ushy,Dee Jay,206949,Japan,1437425
WD_SHRASEC,JP,206947,Other,2731480
Koutaro,Chun-Li,206864,Japan,968052
Kilzyou,Cammy,206713,France,1290266
らんぱーど,Manon,206626,Japan,1001333
ブリッツ与作,Kimberly,206575,Japan,1851409
GRILLKING,Dhalsim,206507,South Korea,2783513
ひぐち！,Guile,206443,Japan,1020920
Combofriend,Luke,206384,United States,1035878
Rabisco,Zangief,206370,Brazil,1277254
kuroko_555,Manon,206360,Japan,1166229
首領ドラモンド,Edmond Honda,206276,Japan,2111295
Yome,Juri,206268,South Korea,1191422
arcadeRat,JP,206265,El Salvador,918861
シンゴ45,Dee Jay,206171,Japan,2455513
PimbusTheWizard,Zangief,206167,United States,1088409
わびいち,Luke,206128,Japan,1323104
UMA327_PC,Juri,206083,Other,453767
もっちゃん,JP,205950,Japan,1105455
END-MAME,Cammy,205943,Japan,895838
sorceria,Juri,205844,Japan,1096941
Suleymon,Kimberly,205824,United Kingdom,935554
airjordan43,Blanka,205774,United States,1436539
gain,JP,205759,Japan,1335923
Nephren3,Cammy,205755,Japan,1227493
CapsuleHero,Manon,205717,United States,1451175
かっこう,JP,205656,Japan,1336827
河原和音信者,Ken,205641,Japan,421548
バイトリーダー,Juri,205578,Japan,1015530
kei5000,Manon,205571,Japan,2401658
chiakiman GG,Luke,205310,Japan,1101226
cheems jr,Manon,205290,Mexico,988791
Murkumo,Luke,205193,Japan,1895874
chako,Cammy,205190,Japan,2596241
trashbox,Marisa,205187,Japan,1075296
ココ世田谷,Marisa,205069,Japan,1423063
息苦しいよ,Juri,205062,Japan,1513436
ぷろさん,Dee Jay,205039,Japan,1501591
やんばる,Zangief,205000,Japan,1237111
ZydaniFGC,A.K.I.,204931,Brazil,1732576
IriamGames,Ken,204850,Mexico,1891526
しこたま,Juri,204840,Japan,1447909
Milinkon,Marisa,204829,Japan,1396273
toshi-serie,Cammy,204828,Japan,914792
知性 | ろぜろぜ真紅(本物),A.K.I.,204707,Japan,1631517
sasayama6,Dee Jay,204624,Japan,2146200
冴羽777,JP,204620,Japan,1668360
swkentaro,Ken,204487,Japan,2020774
Quiggy,Zangief,204478,United Kingdom,1598089
harideshi,Lily,204460,Japan,1125673
chuchuzera01,Chun-Li,204412,Brazil,991749
Re:Dive,Dee Jay,204396,Japan,727216
LinLin,JP,204365,Other,1132857
Arma,Dee Jay,204274,Panama,1410221
nyowabla,Lily,204221,Japan,1798317
KuriManju,Luke,204114,Japan,1008941
Lifeontheedge,Luke,204099,Japan,1331314
Shotaro,Ken,204028,Japan,1789645
Phantom02,JP,203977,China,628869
yasuto,Manon,203924,Japan,1065284
Hyoujun,Ken,203814,Japan,702999
DR-Wendson,JP,203801,Brazil,935040
Nelson,Dee Jay,203791,United States,3439265
doskonnbu,Rashid,203758,Japan,691884
Dtaro,Luke,203672,Japan,638799
ヤンマー_twitch,Juri,203643,Japan,1435453
TensionPP,Cammy,203547,Other,4548337
つみれちゃん,Lily,203470,Japan,882161
ミスタディー,JP,203459,Japan,714702
Fluddz,Manon,203413,United States,1103257
Jho-GoForBroke,Chun-Li,203388,Brazil,1559520
AE湯加減,Chun-Li,203379,Japan,3026587
popo,Marisa,203367,Japan,1630884
HIDE0815,Ken,203356,Japan,1156763
Lacquer_Head210,Ken,203338,United States,1330370
DestroyGodz,Guile,203309,Panama,1258355
kira,Juri,203231,Japan,2175289
kyoku,Juri,203158,Japan,909941
†まりを†,Manon,203017,Japan,960921
otaniBC,Luke,203001,Japan,1795176
KabeZeku,Ken,202956,Japan,1907031
usagi,Marisa,202861,Japan,1291135
あめあめ,Dee Jay,202803,Japan,1286104
伊予 I-yo,Dhalsim,202776,Japan,1024307
筋肉fire!,Marisa,202768,Japan,1124248
大統領マルモリ,Dee Jay,202739,Japan,1663377
黒虎えびお,Cammy,202714,Japan,807232
しのちゃんマン,Dee Jay,202712,Japan,879797
鱼头，参上,Dee Jay,202696,China,1987640
velicoso,Cammy,202544,Cuba,1610910
どくけし草,Cammy,202505,Japan,783775
Gustavo_SJ,Rashid,202460,Brazil,1306441
ezaboy,Guile,202276,Japan,1206789
Laplace/キチパ,Zangief,202228,Japan,848525
4kani,Chun-Li,202138,Japan,749186
もなか@S_zwei,Marisa,202136,Japan,1562576
SeoFGC,JP,202132,Singapore,1362526
michitaka,Dee Jay,202111,Japan,1784553
takino22,Manon,202106,Japan,1401575
hirokami-pc,Ryu,202097,Japan,2353750
KXGENOCIDE,Cammy,202079,Algeria,969466
Asaya,Cammy,202070,Japan,1143629
ここでボクが投了！,Blanka,202022,Japan,2581000
ISASAKA,A.K.I.,202019,Japan,1725228
禅＠パパ,Guile,201998,Japan,1616425
NeroTheBoxer,Dee Jay,201988,Peru,1113201
近代において人間は基本的に自由,Manon,201977,Japan,2310256
inui06310,Cammy,201968,Japan,1523754
torowaSF6,Kimberly,201963,Japan,721502
||s||,Juri,201918,Mexico,1277294
yuu_,Ken,201915,Japan,2472824
DJ_iPad,Luke,201897,Other,3301944
ThreeDollars,Kimberly,201860,Jamaica,1197795
LAPLACE｜Vanao,Blanka,201850,Japan,2081154
かずしボンバー,Ken,201831,Japan,3600399
プルプルなぷる,Ken,201822,Other,1994357
西木寸.,Rashid,201774,Japan,1092707
shallot2333,Jamie,201717,China,2225787
DosukoEsports,Edmond Honda,201628,Japan,1751589
ミチカワピクミン,Luke,201582,Other,1690950
hikaru_shiftne,Manon,201505,Japan,2121920
SICKLE 9,JP,201486,United States,1389842
OrangeMan,Dee Jay,201458,Canada,1701917
KenseiChan,Ken,201431,Japan,2212724
Cam & SumBud,Guile,201392,United States,894314
makoto,Cammy,201360,Japan,1094073
Celfcool,Dee Jay,201300,Venezuela,1030499
ごーまるご,Luke,201296,Japan,2370221
Evilcraa,Guile,201293,Chile,703066
アンジュルム非公式アンバサダー,Kimberly,201253,Japan,1373869
HASUMI,Juri,201252,Japan,631035
imcbmoc,Luke,201246,United States,2039710
Kona,Dhalsim,201231,Japan,1006446
popollo,Luke,201210,Japan,1177483
RXBD,JP,201195,Other,1210881
ゴトーー,Ken,201107,Japan,1930005
カクハラです,Manon,201089,Other,1836977
Sandbag18,Ken,201035,South Korea,962255
pandasaku,Juri,200974,China,1431767
ヒカズゲ,Marisa,200934,Japan,1422853
WillyHsu7,Marisa,200930,Other,0
39OOM209,Jamie,200894,Oman,1786620
kinoko_noko_p,Cammy,200883,Japan,792652
Vini,Jamie,200883,Brazil,1288649
魚群なるお,Luke,200815,Japan,2508325
ねじまき鳥クロニクル,Dhalsim,200796,Japan,2015442
ヨコシマ,A.K.I.,200767,Japan,2216763
Naji,Juri,200650,United States,823736
Scholar,Rashid,200607,United States,1285543
USGYGaru,Guile,200598,Japan,952241
kazaKEN,Blanka,200542,Russia,917649
Giyu_PC,Juri,200417,United States,908894
Kanichahan,Cammy,200320,Japan,1504294
gauni,Zangief,200221,Japan,1600849
Major Twinkie,Dee Jay,200212,United States,1147862
は　　む,Kimberly,200204,Japan,917235
Takashi,Ken,200156,Japan,1258202
bagbag3,Chun-Li,200142,Japan,802903
Kazunoko,Jamie,200064,Japan,1682459
1WayToGodJesus,Dee Jay,200037,Israel,1678342
相撲マフィアVT空狩什麼生,Edmond Honda,200010,Japan,2495161
wildlyblue,Jamie,200007,China,2210376
정후야레고좀그만사,Edmond Honda,199972,South Korea,2131415
2BASSA＿twitch,Juri,199948,Japan,1201966
77days | AMTRS,Jamie,199939,Japan,1990668
伊沢マサキ,Ken,199858,Japan,1009093
Kitchenz,Luke,199706,United States,1675824
Psycho,Kimberly,199684,United States,532783
ふにふら,Chun-Li,199638,Japan,2139411
よしちゃん,Dee Jay,199622,Japan,1189063
潭底龙源,Marisa,199614,China,1178379
mattypie,Chun-Li,199596,Japan,30251
TAK0123,Luke,199571,Japan,1531760
Myrken,Luke,199512,Poland,1057001
ごんしゃん,Kimberly,199492,Japan,1458613
fortune,Rashid,199419,Japan,783473
2020Deltron,Ken,199391,United States,1097030
Bonvivant,Manon,199387,Japan,1562332
ねこぢる,Manon,199358,Japan,1483771
reizuYouTube,Ken,199355,Japan,2438546
YOSHI,Ken,199347,Japan,1149463
yamatoto,Ken,199319,Japan,1921904
saikyoalexkun,Lily,199301,Japan,1272573
Chango X,Luke,199216,Chile,2261013
ShowHey,Dee Jay,199177,Japan,2488750
らんでぃ,Manon,199154,Japan,1101697
GODJJ,JP,199024,Other,2084244
Hershel-pc,Dee Jay,198998,Japan,588048
Papinfgc,Luke,198978,Dominican Republic,1737340
ジャークキック,Dee Jay,198950,Japan,842004
VictorGoldch,Edmond Honda,198831,United States,923677
ThreeDollars,Chun-Li,198826,Jamaica,1197795
Haward4th,Ken,198791,Other,1631061
Thai Ming,JP,198741,Germany,1291288
Roxas32,Luke,198669,Japan,950919
抖音关注 大熊gouken,Edmond Honda,198625,China,616823
harumaki01414,Edmond Honda,198601,Japan,1024878
Shalashaska,Dee Jay,198535,France,2499711
bokocho,Dee Jay,198515,Japan,1258147
はるみー,Dhalsim,198503,Japan,1256221
syumai_ssbu,Luke,198467,Japan,1581941
Gooning247,Luke,198400,South Korea,1022768
GANAKEN,Manon,198361,Japan,618580
Vasiliek,A.K.I.,198303,United States,2675510
SpectrumRain,A.K.I.,198254,Japan,2630168
レオ＿00,Rashid,198239,Japan,1969203
NLNL,Cammy,198211,South Korea,2358607
seveku,Marisa,198168,Japan,1463942
Seichi-P(せいち),Ken,198142,Japan,1632761
わるもん,Dee Jay,198126,Japan,1021988
DOMAINEXPANSION,Chun-Li,198119,Japan,1709841
Emuemu,Marisa,198098,Japan,917585
Akuru,Kimberly,198094,Japan,1610988
小路KOG@ギリギリわるくない,Dee Jay,198063,Japan,440341
うりんぼ,JP,198045,Japan,1510559
Motwu,Dee Jay,197975,Japan,1195421
夷夜七次郎,Juri,197964,China,1342419
sasanbo,Chun-Li,197950,Japan,2027462
ちゅうぼう,Cammy,197889,Japan,1122868
DANON,Ken,197884,Japan,1778085
あそ￥12,JP,197880,Japan,1084048
bussan666,Dee Jay,197817,Japan,1492621
かたつむり,Chun-Li,197765,Japan,1907065
Jaeger94,Lily,197765,Germany,2003325
Iquita,Dhalsim,197662,United States,748035
ゲーマニ,Juri,197659,Japan,2642706
辻本夏実,Chun-Li,197625,Japan,1153885
POGO勢,Dee Jay,197609,Japan,916446
Legendary??????,Luke,197583,United States,1561540
たかなみ,Chun-Li,197541,Japan,1207459
icehot77,Luke,197541,Japan,1924240
sonna,Cammy,197467,Other,993417
ShioTaroMaru,Kimberly,197413,Japan,650480
Maroto,Juri,197409,Brazil,691460
だだっだ,Luke,197387,Japan,2205674
IIばんII,Chun-Li,197357,Japan,934978
SHOZAN Twitch,Marisa,197274,Japan,2070049
KyonTyagama,Manon,197247,Japan,848507
だだっだ,Cammy,197167,Japan,2205674
Smowman,A.K.I.,197145,Japan,1898211
uosuke,Dee Jay,197037,Japan,745548
Rikemansbarnet,JP,197031,Sweden,1345873
カピバラさん,Jamie,196916,Japan,810669
Planter,Jamie,196828,Japan,1220370
onitsu345,Blanka,196806,Japan,1428644
Wood Jem Kero,Luke,196763,Japan,1148464
『     』,Dee Jay,196729,Other,1180421
rec_re,Jamie,196677,Japan,1203715
とりっく,Kimberly,196662,Japan,1090598
TAYUTA,Cammy,196617,Japan,929155
PW_Yoshi,Dee Jay,196574,Japan,1066201
さかかね,Lily,196538,Japan,487052
farrah,Manon,196515,Japan,1036962
もたろー,Blanka,196515,Japan,1734536
hoso,Ken,196514,Japan,1969333
宇宙脑魔,Marisa,196513,China,710370
Stormy,Ken,196429,Kuwait,1580264
Tanden Engine,Marisa,196401,United States,913974
エメフロ,Guile,196399,Japan,1285812
3S/SAVATARO,Guile,196308,Japan,1205041
Zhen,Dee Jay,196277,China,610240
tako956402,Kimberly,196242,Japan,1057195
yasungo,Kimberly,196227,Japan,1100999
WORLDCLASS,Ken,196162,South Korea,971860
Airbirdieman187,Ken,196154,Cambodia,1058810
rairai00w0,JP,196152,Japan,1535656
Soony,Manon,196145,South Korea,1105602
DouYu_尼尔,Jamie,196125,China,1783687
给我300块,Dee Jay,196091,China,533412
GAKUSO,JP,195976,Japan,1091140
JPのやま,JP,195766,Japan,2735010
SUNHUI,Manon,195765,China,1212573
天野/amano0128,Dee Jay,195736,Japan,1918487
CA$S$H EYE,Juri,195676,Japan,1100500
ponmusic,Kimberly,195660,Thailand,2179423
ぼんぎぃ,Blanka,195620,Japan,2479656
クロブチ,A.K.I.,195618,Japan,1723122
ポエムパン,Rashid,195572,Japan,1173034
Ravenda87,Dee Jay,195512,Other,1317006
bbboxheaddd,Guile,195475,Other,1925242
HeyyPepito,Luke,195442,France,1874652
HARUGENi,Luke,195440,Other,1197294
llwanll,Dee Jay,195430,Japan,1092144
マサラタウンのマサトシ,Chun-Li,195417,Japan,1086387
R.200won,Marisa,195351,South Korea,859333
HLザベス,A.K.I.,195321,Japan,1015755
TTV Teiga,Ryu,195303,Trinidad and Tobago,1249796
bekobeko,JP,195297,Japan,628339
ジュソ。,Marisa,195288,Japan,1005691
jbsn05,Guile,195271,China,754825
Schenkhan,Jamie,195265,Australia,2028721
AndyenigmaTTV,Ken,195233,Costa Rica,907035
aiai,Juri,195226,Japan,1188250
のりおさん,Ken,195217,Japan,1417143
Light,Ken,195149,United States,1772991
うたひろ,Ken,195120,Japan,1106230
hb46,Guile,195101,Japan,2530192
namekuzi,JP,195062,Japan,835195
ベビベビベイビベイブベイベー,Jamie,195062,Japan,1648152
Zambambo,Chun-Li,194981,Ireland,1385680
DiegoFelix,Ryu,194960,Brazil,1126400
PRO7OTYPE,Edmond Honda,194928,United States,1237974
sumo,Cammy,194920,Japan,986709
game-is-wack,JP,194918,United States,1071151
くるぶし,JP,194855,Japan,164191
Mr_cooolpig,JP,194847,Japan,762743
ねこじゃ,A.K.I.,194810,Japan,2053586
t4crow_2077,Juri,194785,Japan,1931195
はせごん,Ken,194742,Japan,1270237
ComputedMusica,Jamie,194486,Spain,1801704
Dual_Kevin,Luke,194396,Peru,1338906
GTWxPWS|Qiuqiu,Dee Jay,194359,China,11127
cola321,JP,194310,Other,1252470
とぐろ1/2,Luke,194283,Japan,2155944
ハマシカ,Ken,194240,Japan,850657
spacedog2,Rashid,194227,Japan,1559827
PUNKLEI,Marisa,194208,China,1292869
Lord-Pikoro,Blanka,194190,Peru,1213612
台灣菜雞偉,Blanka,194114,Barbados,603605
mss-20,Juri,194053,Japan,1128176
オジコフ,Juri,194043,Japan,996411
mishie,Lily,194041,Japan,1043548
airjordan43,Blanka,194019,United States,362680
gdw92,Cammy,194010,Japan,928182
Saitama,Guile,193981,Algeria,670321
low_trunks,Juri,193927,United States,2265004
HandScar,Dee Jay,193895,Italy,1405690
psycho upper,Ken,193822,Japan,1644326
ゆーけー,Jamie,193817,Japan,921604
SETHsational,Marisa,193748,United States,2066748
Karusawa,Manon,193744,Japan,1272005
pipokun,Kimberly,193727,Japan,1327280
エドモンド半田,Edmond Honda,193716,Japan,1489799
Jok3rfrmbk,Lily,193714,United States,1568812
よってぃ,Luke,193583,Japan,2100953
フェレット,Luke,193578,Japan,2282970
PATADA VELOZ,Cammy,193570,Peru,1149501
ぽこんか,Blanka,193533,Japan,1312401
けーじー,Cammy,193508,Japan,4508694
洩矢くん,JP,193475,Japan,778664
RiddlesMK,Luke,193388,Canada,841469
いの村_GG,Luke,193333,Japan,2694220
i-takas62,Marisa,193170,Japan,1221855
Crusher,Marisa,193103,Japan,810273
JordanDGAF,Lily,193043,United States,3575426
ガガゼトマン＠Twitter,Kimberly,193022,Japan,1672888
Bilibili_GM,Jamie,193000,China,1291325
Shakz,Luke,192930,United Kingdom,783832
しょかも,Lily,192904,Japan,889562
Zangief_Dream,Zangief,192887,Japan,770009
shujinnkou,Marisa,192884,Japan,1850001
Shoryu,Dee Jay,192835,United States,1023235
Aigoo,Jamie,192824,Japan,1211427
みょん.,Lily,192802,Japan,1683517
Music4friends,Kimberly,192673,Thailand,819748
サクラバ,Dee Jay,192642,Japan,2054030
ひのこ555,JP,192631,Japan,1307256
sattyan0602,Luke,192614,Japan,1705978
わたぼうjp,JP,192611,Japan,1013852
Azraeel,Cammy,192592,United Kingdom,908594
カボス侍,Jamie,192588,Other,1308519
ちゃたろう,Ryu,192562,Japan,1726586
d_mura,Jamie,192540,Japan,1423354
昼夜逆転の王,Ryu,192523,Japan,2406493
CAGGO1,Chun-Li,192514,Japan,908286
念久良1,Marisa,192460,China,101398
Hyottoko,JP,192315,Japan,921347
GuN__SLinGa,Dee Jay,192301,United Kingdom,1072113
asaki,JP,192283,Japan,2463926
wawon,A.K.I.,192253,Japan,2284468
Okami,Jamie,192195,Brazil,1377157
DuendeCuack,Cammy,192184,Mexico,1073663
I‘mユオル,Luke,192157,Japan,1075922
KiwiBeta,Marisa,191965,Japan,1893759
＜＜拳＞＞,Ken,191916,Japan,917277
Darlin,Ryu,191880,China,2122202
konabe,Ken,191874,Japan,548597
Ativanelson,JP,191815,Brazil,1755621
かっぴーげーむす＠Twitch,Cammy,191811,Japan,837321
Laggia,Luke,191701,Japan,458495
itagaki,Lily,191699,Japan,1610005
ニャンちゅう-SEVEN,Chun-Li,191690,Japan,1351732
uni ウニ,Luke,191645,Japan,751859
NY_Mando,Zangief,191581,United States,2283638
ji_ta,Luke,191512,Japan,1874190
みりゃの,Edmond Honda,191410,Japan,964982
roro,Ken,191329,Japan,334705
poly_owl,Jamie,191320,Japan,1027512
DIVEnDRIVE,Cammy,191314,Canada,1045282
Marvisto,Edmond Honda,191300,United States,380708
Seaperson,Edmond Honda,191207,United States,734398
B站GM,Jamie,191168,China,638924
sevelei,A.K.I.,191125,Japan,1787254
MadHawk,Lily,191121,South Korea,672354
pexmoveman,Jamie,191102,Japan,926971
Smile,Cammy,191089,Japan,1079066
BizzareFGC,JP,191073,United States,2325599
ソニック610,Zangief,191072,Japan,2217177
やくながシ,Rashid,191011,Japan,1388096
太鼓のヒマジン,Dee Jay,190961,Japan,123784
帝国軍志願兵らせん,Chun-Li,190819,Japan,679192
shimomo-,JP,190816,Japan,931160
kiske,Kimberly,190809,Japan,1023106
Cammy,Rashid,190802,Japan,775652
ＢＹ★ＢＥＥ,A.K.I.,190681,Japan,3025551
adrianNY,Guile,190495,Dominican Republic,908969
四万十川清流,JP,190397,Japan,965379
MATSUR1,JP,190395,Japan,1319286
blackbomber-559,Cammy,190363,United States,1254473
"(9d6)(+0,+30)",Luke,190363,Japan,2413475
LegendaryKAD,Juri,190359,United States,1388025
Kou.,Marisa,190353,Japan,315892
knock,Jamie,190291,Japan,801637
たまらん子。(;´д｀)ﾂﾗｲ,Rashid,190276,Japan,903293
ハハハハフハハ,Kimberly,190264,Japan,2823766
MYR_AQuA,Dhalsim,190258,Japan,1919465
tsukasa,Chun-Li,190195,Japan,1060608
GameIn99,Luke,190194,Belgium,1416282
toshiihsot1213,Cammy,190143,Japan,1821883
FoxRain,Luke,190131,South Korea,1137406
Zaferino,Jamie,190127,Other,1578914
NotPedro,Ken,190095,Brazil,1235694
cartezao,Rashid,190060,Brazil,1569752
ナリタトップロード,Chun-Li,190056,Japan,1403397
djbosina,Ken,189993,Dominican Republic,942037
RushGorou,Chun-Li,189922,Japan,2118917
doyanbo,Guile,189920,Japan,1141861
veggey,Zangief,189900,Norway,1223574
Yagami,Kimberly,189867,Singapore,1114349
新宿アゲ番長♪,JP,189832,Japan,1151570
Onikidayo,Kimberly,189823,Japan,1386443
いかへー,Edmond Honda,189798,Japan,1131375
al_cohol_love,Guile,189763,Japan,1265092
Runex,Blanka,189736,United States,1032412
SamSarracino,Dee Jay,189723,Mexico,1441232
Novo_Kaino,Ken,189664,Italy,792690
WednesdayZX,Marisa,189560,Ireland,968855
かけぽん,Cammy,189537,Japan,1675410
Noze,Luke,189531,Other,1317212
Qnel777,Blanka,189474,Japan,1186566
onsns,Jamie,189464,Japan,1929495
Shadepr1nce,Chun-Li,189422,United States,1068495
UMA_08,Ken,189416,Japan,1491762
riri_PC,Dhalsim,189379,Other,781011
Crispe,Chun-Li,189248,United States,1393608
TORACHIN,Cammy,189239,Japan,947990
ー凛とした眼差しー,Luke,189226,Japan,1624500
嬌兔TW,Dee Jay,189174,Japan,1296709
Tactix,Marisa,189163,Canada,1564546
Lu'Cie,Cammy,189151,South Korea,1595070
Ontology,Dee Jay,189136,Japan,1174675
tonkatsu0226,Marisa,189116,Japan,1286926
Frozen,Jamie,189068,Argentina,870428
chiri,Dee Jay,188950,Japan,994370
Afii,Dee Jay,188883,United Kingdom,959268
sawakaze,Lily,188872,Japan,1310300
MIYABI,Blanka,188851,Japan,1071062
Adakaa_pc,Luke,188836,Japan,938592
B站罐罐2333,Chun-Li,188777,China,2028075
shinya_kebt,Ken,188768,Japan,712202
WanderingTayson,Ryu,188766,United States,2211297
naooonn,Ryu,188751,Japan,2550584
MyCammyIsFree,Cammy,188689,United States,994794
b3lLz,Lily,188677,Thailand,1844974
Frankasaurus,Dee Jay,188673,United States,1026142
-YUSA-,Ken,188540,Japan,1210026
EGO コウセイ,Juri,188483,Japan,729704
Quasarxxx,Juri,188479,Japan,1673316
YamadaMisago,Marisa,188434,Japan,818357
bobby_shoryuken,Ken,188345,Japan,1272032
beardedman,JP,188247,Japan,2536406
MIT Honda,Edmond Honda,188230,Kuwait,773405
curemarine,Zangief,188228,Other,1255487
gorori56,Cammy,188201,Japan,1175151
おしきうち,Manon,188115,Japan,1569782
Dookie-PC,Rashid,188106,Argentina,1433704
こうき1118,Ryu,188102,Japan,1274776
Zykles,Kimberly,188085,Canada,1245249
GATAMA,Marisa,187982,Japan,1077203
シリカ水w,Ken,187973,Japan,1004450
Tenteko_Mai,Juri,187884,Japan,1212461
虚無おじさん,Dee Jay,187873,Japan,1380345
あたーう,JP,187831,Japan,1908220
総師範KSK,Edmond Honda,187824,Japan,1454084
Shuto,Marisa,187820,Japan,3592028
たけいし,Cammy,187798,Japan,980155
エンセンカツオ,Ken,187786,Japan,612327
mitosen*iz,Cammy,187756,Other,1541862
IamYourGawd,Ken,187631,United States,2275313
SacoDeMierda,Edmond Honda,187554,United States,1432455
カミヅキ,Lily,187513,Japan,865048
MakimaJing,Marisa,187484,Other,1744668
D.U.S.K,A.K.I.,187483,Japan,1028232
是可乐先动的手丶,Marisa,187482,China,1528114
TIGERS/JIMMY_DR,Marisa,187475,Dominican Republic,666242
DIEちゃん,Manon,187466,Japan,1591335
ＢＢＱ7,Blanka,187457,Other,1815336
ゆーさま/Yu-sama,Dee Jay,187435,Japan,782726
AtayalLin,Dee Jay,187416,Other,1781595
-如花-,Dhalsim,187366,China,1431534
BananaUyuu,Kimberly,187310,United States,590459
HereticMAGICMAN,Juri,187237,United States,844453
Matui,Cammy,187222,Japan,1213496
KUMAPO,Cammy,187200,Japan,1801517
blue eyes,Cammy,187198,Japan,1414930
NoProbTay,Luke,187185,United States,1929131
MTL_Rami,Rashid,187145,Canada,1319519
iOvrthk TTV,Lily,187132,United States,1426330
ten_ware,Juri,187089,Japan,1360213
BIO3,Chun-Li,187062,Other,559423
PeteaVayd,Ken,187027,United Kingdom,828173
yamasaki,Dhalsim,187001,Japan,786674
Godspeed,Ken,186943,Japan,505905
もりさわ,Jamie,186825,Japan,1188522
micz21,Ryu,186794,Philippines,2004156
JPKING,Manon,186785,South Korea,1475263
ランガサミ/rangasamy,Edmond Honda,186785,Japan,560971
Atma_,Luke,186731,Chile,814537
亀ノ助殿,Kimberly,186725,Japan,954958
Eyoko,Zangief,186722,Japan,739726
グルダン,JP,186712,Japan,1111759
BrandonHeat77,Juri,186641,Brazil,1671868
robokoppuTwitch,Luke,186629,Japan,1657301
ピロリン,Ken,186618,Japan,1254446
XYLi,Chun-Li,186607,Japan,617913
ウエモト,Ryu,186592,Japan,2182782
LORD STB,Juri,186576,Egypt,230595
sasaship,Dee Jay,186573,Japan,1643919
まさむね,Juri,186542,Japan,1332963
jivan,A.K.I.,186532,Japan,1664360
WYN_SF6,Chun-Li,186495,China,1954643
Zeno,JP,186492,Portugal,682684
ttv/ElderGoose,A.K.I.,186466,United States,1528313
Mikesy,Ken,186382,United States,1559650
永遠のダイヤ勢鈴木,Ken,186346,Japan,1434825
zonabout,Rashid,186313,Japan,2383295
CoffinJack,Manon,186304,Brazil,1576449
Fitt3dcap,Cammy,186287,United States,1277854
beef_or_bahamut,Ken,186247,Japan,845112
御茶ノ水マリーザ,Chun-Li,186223,Japan,1706831
巧克力辣椒,Ryu,186162,China,4350
ぜんです,Dee Jay,186134,Japan,1572760
Bens,Chun-Li,186092,Chile,1397864
ヤッスー,A.K.I.,186049,Japan,1240646
LOXO,Lily,186039,Japan,4600321
SKZ_SG,Cammy,186026,Singapore,921722
Gamer01,Rashid,185945,Other,1347714
yuckyjerms,A.K.I.,185920,United States,2318885
Lord_Venom,JP,185877,Poland,679071
TheDarkfox,Ken,185830,Brazil,721723
ドラゴンズドグラ,Blanka,185809,Japan,1757369
ARIA,JP,185781,Japan,988395
Pochoclo23,A.K.I.,185755,Chile,1686037
sumo,Lily,185747,Japan,986709
SFM_Mikex,Ken,185747,Canada,638114
COMPLEX90,Luke,185719,Dominican Republic,1897392
CroixFGC,Zangief,185575,Chile,1706666
TKR__,Chun-Li,185541,France,545949
娴言菲语,JP,185512,China,949324
AJuiceman,A.K.I.,185482,United States,1225678
えるぜっと,Luke,185480,Japan,1659218
SNB Fujimura,Ken,185434,Japan,1766169
ギガゾンビ,Blanka,185430,Japan,1309187
takasibot,Luke,185419,Japan,658352
秋（しゅう）,Guile,185419,Japan,5587856
Mataoja,Edmond Honda,185243,United States,754882
uma08551,Chun-Li,185128,Japan,1504746
XIAOKOU,Dee Jay,185101,China,1651050
YuZhouRen,Marisa,185064,China,894943
aisukng,Edmond Honda,185019,Japan,1004149
Mister__BonoTTV,Guile,184993,Other,1444616
mizuki1121,Guile,184987,Japan,1099051
uriuri,Marisa,184986,Japan,1273692
Tourniquet,Marisa,184910,South Korea,1444377
Mister Crimson,Dhalsim,184882,France,1332409
Tonbo,Marisa,184882,Japan,1174884
maimaiken,Ken,184881,China,1044166
おふぜろ,Marisa,184851,Japan,1728567
KEE-ROC,Juri,184808,Japan,1127127
_OST_,Chun-Li,184806,Japan,925359
HumanbombPC,Ken,184802,Other,729864
Hijiri,Ken,184779,Japan,824561
Dagger_G,Guile,184693,United States,1933806
Psycho Crusher,JP,184592,China,821624
Im0A0,Luke,184541,Japan,956170
enui,JP,184500,Japan,1392328
すてきなさんにんぐみ,Juri,184466,Japan,2112413
FIRE,Ken,184424,Japan,1851671
itsbernardsew,JP,184400,New Zealand,1197368
Solo_Elvis TTV,Juri,184361,Dominican Republic,2118267
jbsn01,Juri,184341,China,1328411
RileyFGC,Chun-Li,184339,Mexico,1524587
hemantou,Guile,184335,Other,684635
FiveJaw,Ken,184318,Switzerland,1351141
SHIDZUKI,A.K.I.,184275,Japan,1277376
ZINGI,Dhalsim,184268,Japan,987663
Dual_Kevin,Rashid,184260,Peru,1338906
Dončić,Manon,184229,Slovenia,1873889
KEY_,JP,184197,Japan,1646105
ばばばるじ,Cammy,184122,Japan,1006161
IBSG_Kakeru,JP,184120,Japan,1985453
AOKIAKIO,Edmond Honda,184057,Japan,779557
サクラバ,Lily,183998,Japan,2054030
Zealum,Manon,183997,United States,1624317
sousuke,Jamie,183925,Japan,1735700
yahara,Blanka,183914,Japan,1794589
abao014pc,Guile,183881,Japan,1049772
puuuneko,A.K.I.,183876,Japan,924159
HeiMeiLing,Cammy,183869,China,949425
ぴゅあさん,Dee Jay,183864,Japan,1663201
Fears,Dee Jay,183804,United States,277088
akimo,Marisa,183760,Japan,1140055
ProfessorSquall,Dee Jay,183715,United States,912204
すぺふぁん,Cammy,183699,Japan,1805294
soooo,Luke,183660,Japan,714557
Chambee,Ryu,183623,South Korea,1503392
たくみん,Luke,183583,Japan,2099659
itsodarkoutside,Ken,183576,United States,1161671
ssss,JP,183562,Albania,839571
Sei_sf6 twitch,Luke,183549,Japan,1986986
Juned,JP,183461,United Kingdom,1016514
よっさん,Juri,183457,Japan,1802658
本まぐろ,Ken,183430,Japan,1674738
Rila,Cammy,183353,Japan,1286383
higecop,Edmond Honda,183321,Japan,1533105
RUFIANmx,Blanka,183312,Mexico,1114801
NOV777,JP,183308,Japan,599597
LOXO,JP,183267,Japan,4600321
チカチカシャキン,Dee Jay,183259,Japan,820960
3366,Chun-Li,183257,Japan,1491987
kurapop,Luke,183251,Japan,2497334
taira,Chun-Li,183233,Japan,1689225
わたぬき_41.Twitch,Cammy,183199,Japan,1244896
sayu,Lily,183188,Japan,1217495
そんちょう,JP,183135,Japan,1449301
Old_Tiger,Dee Jay,183097,South Korea,937768
mos505,A.K.I.,183069,Japan,1893819
ehai,Chun-Li,183064,Canada,1482859
スパオー,Edmond Honda,183046,Japan,776890
おでんくん,Kimberly,183038,Japan,1186361
AlexMyersFGC,Chun-Li,182993,United States,591871
utakarta_u,Cammy,182966,Japan,1696876
Mach_Go,Lily,182963,Japan,1753758
くびちょり,Juri,182958,Japan,785162
RSAPcGamer,Kimberly,182948,Brazil,1576687
seaca1582,Ken,182943,Japan,2765180
東京の名店,Ken,182924,Japan,1253099
MachoorTV,Ryu,182896,Oman,1160973
kazuyasyan,Rashid,182869,Japan,2243878
NOURYU,Guile,182860,Morocco,1244116
PacmanJT,Cammy,182844,United States,2997229
Raycle,Ken,182823,Japan,584965
CFN Good,Cammy,182817,United States,963261
水疗战神,Edmond Honda,182812,China,747949
Frenzy,Kimberly,182772,United States,1790724
バーバヤーガ,Marisa,182734,Japan,774066
Talenti,Chun-Li,182729,United States,2316666
eeeiji,Rashid,182694,Japan,1168178
Libbro,Marisa,182683,Italy,748010
bkwaison,Cammy,182564,Other,1483564
やんそん,Marisa,182518,Japan,848734
お魚さん,A.K.I.,182482,Japan,707699
力こそパワー,JP,182471,Japan,1001744
Valwing,Manon,182433,Germany,1126358
HIKARU_ssbu,Chun-Li,182303,Japan,1846706
メジエン,Blanka,182282,Japan,1833309
早苗から貰った大事なMRすわぁ,JP,182280,Japan,610630
あけおめ戦士,Kimberly,182241,Japan,1633351
皆投芭罔流蟹仔,Lily,182164,China,1142050
エチオピア,Guile,182161,Japan,1742994
Psychotool,Luke,182153,Guatemala,1617378
CdAkai,Manon,182127,China,930821
PC6Akira,Cammy,182117,Japan,1290333
vega007,Edmond Honda,182111,Other,1506964
RyUPoYo,Zangief,182072,Japan,1470208
Kazari0226SF,Juri,182062,Japan,981328
spikun,Cammy,182021,Japan,936602
Lalo,Guile,181953,Japan,999362
DSaakiG1,Dee Jay,181918,United States,1455817
ニコラ介,Marisa,181885,Japan,1988078
ざかぜっと,Lily,181885,Japan,1647721
TK_hiroようつべついっち,Jamie,181863,Japan,1336016
ひやしあめ,Ken,181809,Japan,1389834
emptysys,Lily,181762,Zimbabwe,1318051
Pedroo,Blanka,181756,Singapore,879798
RLRR,Dee Jay,181717,Japan,1185162
ずくどもん,Blanka,181701,Japan,757111
31歳中卒童貞引きこもりニート,Ryu,181681,Japan,1586754
icehot77,Chun-Li,181679,Japan,1924240
bonju,Luke,181671,Japan,1141918
yoshi,Cammy,181607,Japan,1693518
Shian,Luke,181604,Japan,1772539
skyline,Ken,181578,United States,1529772
Super makiyakun,Chun-Li,181573,Japan,926143
ぽこぴーはいいぞ,Chun-Li,181562,Japan,588238
KDB!,Ken,181535,Japan,784559
えるにあ,JP,181513,Japan,1024227
YANGMIAN,Luke,181507,China,79657
野生的淡水人 Tamsui,Guile,181507,Other,1518849
orangeinn,JP,181412,Japan,1315580
あるぶら,Blanka,181321,Japan,1542022
AutoMattock,Jamie,181303,United States,1726325
梅原あなたを倒すため進み続ける,Ken,181252,Japan,1495292
BLACKNABIS,Rashid,181247,South Korea,2614320
dote,JP,181236,Japan,1213618
Niel_,Juri,181210,Brazil,881971
Mr.Wolf,Jamie,181173,Italy,1100538
NovaChrono,JP,181088,Brazil,1458746
らり太/Lalita,Luke,180989,Japan,838250
Fi3r0,Guile,180962,Mexico,312845
たび@YouTube,Lily,180937,Japan,532354
VicinalCorgi,Luke,180922,South Korea,1882593
gyc_aza_belmont,Kimberly,180864,Mexico,868186
Tekkyu,Blanka,180827,Japan,773625
Cafe,Jamie,180771,Japan,1555785
ITK_itsukick,Dhalsim,180767,Japan,910601
thiaguinhor9,Cammy,180762,Brazil,1541479
-kenta-,A.K.I.,180759,Japan,1528362
fun0314,Kimberly,180756,Japan,2149247
エル・アフロディーテ,Juri,180756,Japan,32487
Sunny,Guile,180746,Japan,1111907
だいわ_,Guile,180728,Japan,1366590
民谷伊右衛門,Dee Jay,180697,Japan,1105477
ランクマッチニキ配信中！,Ken,180681,Japan,1216690
-YASU-,JP,180647,Japan,2587446
dekunomi,Marisa,180609,Japan,1073857
小6の双子(兄),JP,180563,Japan,269373
快楽騎士,Edmond Honda,180557,Other,1525465
Esmeralda,Juri,180510,Japan,698001
raidokiru,Ken,180501,Japan,3513918
ALGONQIN,Kimberly,180452,Japan,866731
URIEL VELORIO,Ken,180365,Mexico,1405073
ZeeusInimigo,JP,180258,Brazil,828306
misimaruk,Ken,180132,Japan,1229967
tsumugiZ,Jamie,180129,Japan,1310660
ほーりー,Cammy,180122,Japan,896578
JP Ruined SF6,Ken,180112,Albania,1090913
福岡のレッドドラゴン,A.K.I.,180079,Japan,454996
そぼろんぐ,Edmond Honda,180078,Japan,2445234
EGO | hishow,Ken,179877,Japan,1796921
kakaroto,Dee Jay,179876,Japan,405028
MUKOU0911,Juri,179869,Japan,1056611
DanteSong,Cammy,179849,Other,496234
Surume,Jamie,179815,Japan,805972
KAZU0045,Marisa,179803,South Korea,1196860
SUSU,Kimberly,179760,Japan,1299049
しんぺー,JP,179706,Japan,1781119
TtvCalansatsu,Jamie,179700,Brazil,1139303
Alemao,Ken,179695,Brazil,650297
50en,Rashid,179691,Japan,1534194
midonyanG,Ken,179639,Japan,1066809
Trinibattousai,Chun-Li,179594,Trinidad and Tobago,820714
jeondding,Kimberly,179567,South Korea,818790
sopieOP,Jamie,179475,Japan,1434962
ムフヌニス,Dee Jay,179422,Japan,975148
BILLSDESTRUIDOR,Luke,179363,Brazil,1223352
NMZBOF,Luke,179362,Nigeria,1513755
こひなた,Lily,179304,Japan,1298577
コブダシ,Kimberly,179288,Japan,1945469
Audio33,Ken,179253,United States,1338879
あきら730,Jamie,179223,Japan,1654644
Freeseff,Jamie,179211,Canada,1519251
さきもり,Guile,179151,Japan,1074650
chichimon,Lily,179101,Japan,1023049
kanp,Ken,179079,Japan,2024948
土屋 翔,A.K.I.,179070,Japan,1210318
Kerplunk,Zangief,179038,Chile,1215718
佐川睦夫,Ryu,179011,Japan,1798869
Jinkouyuki,Guile,178998,Thailand,1092537
hirata,Ken,178997,Japan,2449948
マンダリンせとか,Edmond Honda,178969,Japan,1280300
ekusu2434,Edmond Honda,178942,Other,1085839
YORU,Kimberly,178922,Other,1804242
melo,Manon,178854,Japan,1029788
ActionJackRyu,Ryu,178799,United States,1073742
Ryukakusan.,Ken,178777,Japan,1306242
いずなおとし！,Kimberly,178773,Japan,1622998
VERYkomatsu,Dee Jay,178685,United Kingdom,624525
hogehoge,Ken,178678,Japan,1183601
Yuna,Cammy,178676,Germany,1203169
shougun6514,Guile,178668,Japan,1591429
焼きじゃが,Dee Jay,178608,Japan,1450165
いおりチャンネル,Ken,178608,Japan,945902
--胎神--,Marisa,178517,China,174785
J n s,Dhalsim,178447,Sweden,802460
hawkfgc,Luke,178424,Japan,1187841
miya,Ryu,178421,Japan,1373466
ウマ娘育成中,Chun-Li,178373,Japan,344409
Muramasa,Rashid,178371,Japan,790355
manuelpbriones,Ken,178319,Brazil,983903
Vidro,Zangief,178277,Other,270649
むすいマン,Cammy,178265,Japan,1071685
Baki,Rashid,178251,France,1004564
Brunomelo_ssa,Dee Jay,178245,Brazil,729137
Rymaru,Jamie,178244,Brazil,1086375
Gohão,Ryu,178221,Brazil,672012
_なつめ_,Chun-Li,178197,Japan,2336168
Whea7s,Luke,178193,United States,960439
しなり丸/ウメハラ信者,Edmond Honda,178183,Japan,1179501
applepie,Luke,178178,Japan,1513927
Tooky,JP,178177,Saudi Arabia,1632335
Kolento,Ken,178129,Japan,1733289
コーンソフト,Dee Jay,178104,Japan,1141386
GBRibeiro,Dhalsim,178066,Brazil,1250899
kgym,Luke,178048,Japan,1195132
エドモンド・あーるえいち,Edmond Honda,177994,Japan,968929
NBNHMR,Guile,177942,United States,986427
ThisIsBattle,Rashid,177913,United States,2250566
あっさー,Guile,177912,Japan,2981803
Burkish,Rashid,177900,United States,591682
yano,Blanka,177872,Japan,827728
DeadAceBS,Ken,177826,Panama,1210222
Booktekken,Ken,177815,Thailand,1005340
Northwind,Ryu,177806,United States,1892615
alex_sieg_pc,Dee Jay,177721,Spain,1285142
meikyo,Lily,177694,Japan,2052417
Excelancer,JP,177691,Mexico,760830
Chuck Norris,Ken,177680,Other,452692
スナッチスコッチ,Juri,177651,Japan,1350284
SChemeit,Luke,177636,Australia,1938661
TS爬魂,A.K.I.,177618,China,2998620
Careka,Edmond Honda,177617,Other,1231627
格闘家-大飞哥,Cammy,177590,China,450057
我是中天,Kimberly,177524,China,1810367
kadhion,JP,177522,Japan,1260236
うっちーばーぐ,Ken,177515,Japan,740125
-MoJiang|摸奖-,JP,177505,China,1012895
Demitrix,Manon,177456,Brazil,976912
スク水番長,JP,177430,Japan,938391
おはじさん,Manon,177427,Other,1269412
TBK_Alan,Manon,177380,Dominican Republic,774511
shun,Guile,177339,Japan,801959
こぶた族の聖戦士@こぶたさん,Cammy,177293,Japan,1422003
Px-Jackal,Dhalsim,177267,United States,828456
wack6,JP,177185,Japan,1684895
Kitaki,Kimberly,177178,United States,1546646
抖音关注街霸6第一人,JP,177155,China,1590736
HollywoodSleep,Dee Jay,177142,United States,1405251
kurober_Vtuber,Rashid,177133,Japan,1040525
pontaaju,Dee Jay,177105,Japan,673018
てるてる,Cammy,177088,Japan,1319996
theforce90,Dee Jay,177079,Brazil,1556287
sasamo,Dee Jay,177066,Japan,1161237
onichan3,Ken,177053,Japan,305346
TRiLogY,Marisa,177018,United States,779788
kogepanda,Juri,176944,Japan,1121156
モンチッチ,Cammy,176930,Japan,287295
HungMule,Lily,176926,United States,801401
魔法少女ざんぎたん,Zangief,176908,Japan,658983
itazan-pc,Zangief,176847,Japan,1870485
鎧塚・サーパイン,Cammy,176832,Japan,514024
BalrogRD,Dee Jay,176811,Dominican Republic,502997
barabaraOnline,Chun-Li,176810,Japan,1688544
Yutoriohji,Guile,176760,Japan,1598711
Yohei,Ken,176736,Japan,1542417
world,Guile,176722,Japan,2284713
okaboo,Luke,176685,Japan,2255205
oilworks333,Dhalsim,176641,Japan,1165965
neko para,Luke,176627,Japan,1993854
JUSTFOG,Ryu,176620,South Korea,1434082
DareraUiri,Blanka,176611,Japan,1095465
ウラーヤッハ,Marisa,176581,Japan,1149381
のるぽな,Chun-Li,176480,Japan,2423695
Soualiho,Ken,176388,France,835659
buchi,Ken,176378,Japan,938409
Nelson,Guile,176332,United States,3439265
iDom,Manon,176289,United States,597617
Lattice.,Blanka,176280,Haiti,1802506
FGC_KEYZ,Cammy,176276,Brazil,1199402
Buss Lightyurr,A.K.I.,176264,Other,1084491
AzaMI＠PC twitch,Dee Jay,176176,Japan,454637
Liquid_o,Dhalsim,176170,Mexico,2136939
Banhordan,Cammy,176044,United States,1750875
tomochi,Juri,176035,Japan,3162049
Brayan_Job,Marisa,175998,Brazil,1501420
NassimClaw,Edmond Honda,175978,France,1886086
さなだまる,Ken,175973,Japan,1153346
Lunatico,Edmond Honda,175971,Brazil,1291673
ULTRA RYOTA,Guile,175928,Japan,1620809
ふふふふ,Marisa,175913,Japan,1257583
Grizn6,Ryu,175883,Japan,1388346
小张和小丽,Jamie,175850,China,1060430
kin_shiro,Lily,175805,Japan,1253591
Datsushi,Luke,175797,Japan,577625
しゃわきた＿しゃかど,Dee Jay,175797,Japan,2026109
Mimam,Guile,175780,Brazil,1617583
BananaUyuu,Kimberly,175776,United States,487278
こうちゃんジュリ,Juri,175702,Japan,1110934
MinohThreat,Dee Jay,175678,Japan,553982
たうちゃんねる,Chun-Li,175677,Japan,1121636
Shun@OKINAWA,Manon,175659,Japan,1032212
XIAOKOU,JP,175594,China,1651050
QuickBodies,A.K.I.,175589,United States,1385639
dainagon099,Chun-Li,175588,Japan,1531933
mos505,Jamie,175555,Japan,1893819
B.Son,Dee Jay,175550,United States,953841
jieba5512,Cammy,175527,Other,954868
mos505,Chun-Li,175508,Japan,1893819
どくとといわれるもの,Blanka,175482,Japan,956458
祈本里香,Manon,175467,Japan,1691731
komumi,Dee Jay,175418,Japan,4187840
まんじいっきまんじ,Rashid,175374,Japan,1019071
tundi,Cammy,175373,Brazil,1433005
145566,Ken,175359,Japan,1294397
ずんだマン,Ken,175326,Japan,397566
いかつい野郎,Zangief,175220,Japan,905084
アゴアニキ,Marisa,175178,Japan,1511881
Dudesickle06,Ken,175172,United States,1521993
まさひろし,Juri,175154,Japan,2214733
ChrisTatarian,Ken,175108,Armenia,852521
FT0001,Rashid,175076,Japan,1007445
purido,Ken,175075,Japan,1087264
Satoki,Ken,174989,Japan,1079203
privete_lesson,Dee Jay,174965,Japan,1111359
Tigers Bryan-D,Guile,174952,Dominican Republic,1057582
GFXcardcrashes,Ryu,174928,Other,1548620
SKT1210,Ken,174899,Japan,2447778
ていてい,Jamie,174880,Japan,1631094
Blaz,Ken,174875,Chile,1330675
かえるる,Marisa,174858,Japan,1219091
hagurin,Marisa,174842,Japan,1066515
Wadax,Manon,174823,Japan,2176636
cobshin,Dee Jay,174811,Japan,1029650
ZeroGoukiX,Ken,174808,United States,1091492
darsan,Edmond Honda,174794,Japan,1375877
LarkMa,Luke,174782,Japan,1336547
inbe,Cammy,174772,Japan,990616
Kait358,Chun-Li,174754,Japan,806708
Yoske,Cammy,174744,Japan,1112891
最強の雑魚,Ken,174735,Japan,1514562
pluto,Luke,174708,Japan,2408290
まこのこ選手,Manon,174682,Japan,1111060
YSF-B,Edmond Honda,174621,Other,858258
グラビトン原田,Ryu,174621,Japan,841579
ワド犬ワド,Rashid,174587,Japan,1316251
arikuxi,JP,174576,Japan,1157287
パパゲマ,Lily,174573,Japan,1671364
DadyMaster,Dee Jay,174572,Gabon,822293
CosmonautSpiral,Guile,174514,United States,2024438
MONSTER,Jamie,174509,Japan,998742
かえだま150円,Manon,174478,Japan,1703852
とりあたま,Dee Jay,174472,Japan,1986136
sumnor,Ryu,174454,Japan,3018212
mario,JP,174339,Japan,1938391
SFM_Mikex,Luke,174337,Canada,638114
毒チワワ,Blanka,174328,Palau,824525
rurururu-,Dee Jay,174214,Japan,890603
pahnda,Luke,174213,Bosnia and Herzegovina,889821
街霸6太苦了我要把天赋带回15,Ken,174191,China,17142
Mimam,Dhalsim,174038,Brazil,1617583
CatWolf,JP,174029,Japan,900417
爆ぜたタコ足,Ken,173978,Japan,1682940
nickibrand,Manon,173969,Australia,1556415
とっころ,Blanka,173965,Japan,1372441
BlackGoku,JP,173933,Peru,567933
jama,Edmond Honda,173928,Japan,1176293
るくたぁ,JP,173918,Japan,1753518
CE Ykcor,Ken,173877,United States,1311774
SnailDogSSBM,JP,173836,Other,1049395
シーチェックイン,Kimberly,173800,Japan,1735529
Tsurugi_Akizuki,Lily,173794,Japan,1991121
火舞旋风,Ken,173778,China,189185
TheRaglay,Zangief,173748,United States,1484763
Predator_DJ,Dee Jay,173740,Peru,1592368
Broski,JP,173729,United Kingdom,1675223
たまゴリ,Dee Jay,173634,Other,1001463
むすいマン,Ken,173620,Japan,1071685
OverKill,Cammy,173613,Other,1453353
바밤바막시멈,Dee Jay,173607,South Korea,1013057
Parume,Ken,173541,Japan,1101838
Mr. Tong,Guile,173473,United States,793015
vicg94,Ken,173469,Brazil,405347
Reiketsu,Cammy,173459,Japan,1179798
シヴァ田理恵,Blanka,173459,Japan,913128
tanaka_yuji,Cammy,173421,Japan,1918589
Rafalibe,Lily,173395,Brazil,764164
leith,Chun-Li,173384,France,854077
MKS_ATO,Ken,173366,Other,2260222
Alined,A.K.I.,173361,Japan,1118797
たまごん_115.0kg,Jamie,173343,Japan,1641005
ohiyaumasi,Kimberly,173337,Japan,1419172
mago2dgod,Cammy,173331,Japan,2650531
Whisp,Zangief,173299,Chile,1772539
ぬるま湯,Marisa,173285,Canada,1121798
Robotnik,Ken,173284,Germany,1205827
DeeAncer,Dee Jay,173166,Armenia,1678151
.ORO,Manon,173123,Japan,1492715
るんちゃん,Kimberly,173113,Japan,1001799
ずんだもんふぁいたー,Luke,173077,Japan,1823241
umaiga,Luke,173068,Japan,1553964
HUYA-HEIGOU,Marisa,173012,China,1017757
Bullcat,Marisa,172977,Japan,2108387
KyukiVT,JP,172903,Brazil,888086
SeoFGC,Luke,172892,Singapore,1362526
邪神ちゃんさん,Dee Jay,172866,Japan,1040677
Archlion,Cammy,172848,Brazil,938069
DR-gmariosouza,Chun-Li,172831,Brazil,368445
ろっぷ。,Jamie,172782,Japan,1188344
KR_Wrestlingman,Marisa,172779,South Korea,2066234
tomosan,Dhalsim,172765,Japan,548539
#坊や哲,Ken,172761,Japan,2115698
空条Q太郎,JP,172755,Japan,446208
あくたがわ,Ken,172754,Japan,1655291
ゴリむそう,Ryu,172745,Japan,1231610
saado99,Luke,172714,United States,1271090
Sorrow,Lily,172708,Costa Rica,1901623
ジュリサラ,Marisa,172670,Other,1186951
Detoneichon,Guile,172665,Chile,1114040
Darlan,Ken,172663,Peru,1266782
Naaao,Juri,172652,Japan,1059858
マルコム,Marisa,172608,Japan,1141422
daigoman,Zangief,172595,Japan,1206879
duresica,Chun-Li,172583,United States,877227
はねこつむ,Chun-Li,172487,Japan,1281546
にっしー,Manon,172458,Japan,1791410
NLNL,Ken,172433,South Korea,2358607
GengarWithAGun,Dee Jay,172415,Jamaica,2082513
suikaatama7,Chun-Li,172390,Japan,1379528
大幸すばる,A.K.I.,172378,Japan,780009
tilti1,Edmond Honda,172360,Brazil,2164659
エリート,Ryu,172332,Japan,883505
“ら行”,Guile,172282,Japan,906559
しめさば,Dee Jay,172235,Japan,1182864
Kushina,Ken,172229,Japan,1627855
TopGee,Ken,172209,Singapore,899262
Geeck-O,Cammy,172208,Italy,921590
turkiabc,Juri,172208,Saudi Arabia,1310105
natary,Juri,172187,Japan,984448
nani,Zangief,172178,Germany,1809626
かに（甲殻類）,Kimberly,172175,Japan,344686
LCDforever,Ryu,172171,United States,776611
JordanDGAF,Manon,172163,United States,3575426
もげちゃ,Cammy,172135,Japan,1772470
shinji840,Kimberly,172064,South Korea,999211
なつきち,Juri,172058,Japan,1250101
たかみーこくおう,Zangief,172046,Japan,944414
kofmafiateam-PS,Blanka,172023,United Arab Emirates,885368
kelusu,Luke,172022,Japan,2149641
uoti,Luke,172007,Japan,867000
MEJIKING,Ken,171996,Japan,2687808
SLC Satoshi,Ken,171928,Japan,957412
しるおじ,Ryu,171857,Japan,1782787
一匹马赛克,Guile,171837,China,1330967
ponta-itabashi,JP,171813,Japan,2708720
ブリッツ与作,Dee Jay,171800,Japan,1851409
nicooda,Chun-Li,171792,United States,1685564
pile bunker,Marisa,171781,Japan,742032
hamakai,Jamie,171772,Japan,1470996
キレイなみつひろ,Cammy,171769,Japan,1382587
NEPHEW237142,JP,171766,United States,1469370
Zaferino,Dhalsim,171699,Other,1578914
OlaZomY,Rashid,171698,France,1224864
MAGE,Ryu,171648,Japan,993860
GATTAMAN,Zangief,171614,Japan,996060
DRDANNYPHAM,Zangief,171592,United States,726363
KNUCKLESONIC,JP,171556,Japan,1025601
Mr.DoubleU,Kimberly,171525,United States,2142621
だるんちょ,Cammy,171507,Japan,797302
Fruit,Blanka,171502,United Arab Emirates,769466
KILLLOBOTOMY,Edmond Honda,171486,South Korea,530682
@coachkumo,Dhalsim,171462,United States,1272429
マノンスケ,Rashid,171461,Japan,1328668
ちゃんぐ@CHANG,Jamie,171448,Japan,1099952
闘真/Touma9s,Ken,171446,Japan,910601
Linkexelo,Luke,171387,France,781675
ネカリーノ,Dee Jay,171367,Japan,988394
farby,Jamie,171327,Japan,1205277
GIFT,JP,171324,Other,245841
Alex Smith,Juri,171302,United States,664483
-GTR-,Ryu,171298,United Arab Emirates,760810
テルリ院ボブ明,Rashid,171289,Japan,1430790
PG/＊痔持ち＊,Cammy,171153,Japan,1205277
Dora-chan1192,Ken,171133,Japan,1421764
yoshi,Ken,171108,Japan,1693518
ほぐれてきたぜ,Marisa,171002,Japan,1423127
YONANGEL,JP,171000,Germany,1263109
PUYOTNMR,Ken,170913,Japan,8073638
mjddjm,Dee Jay,170902,Japan,1051587
Fart?,Dhalsim,170830,United States,1290934
keshigomumagic,Dee Jay,170810,Japan,1244789
LF Lendiaviva,Luke,170748,Brazil,1520286
SSAPJOONGSU,Dee Jay,170744,South Korea,801008
Chrismess_Day,Dhalsim,170734,United States,1025003
ミスター・ブシドー,Dee Jay,170725,Japan,1379382
golmo,JP,170667,Japan,786075
prprdog3,Jamie,170593,Japan,1741775
空掌，毒手，鞭打！,Lily,170564,China,26030
hisyou283,JP,170490,Japan,765211
杖がつええ,JP,170489,Japan,282786
nuruma124,Marisa,170473,Other,1021348
あす'',Chun-Li,170461,Japan,984897
Young_Gouki,Kimberly,170417,United States,955666
タナクス,Ryu,170391,Japan,1090556
らすてぃー,JP,170356,Japan,1006847
El Hagen,Juri,170308,Mexico,785421
卍MMG ちょろはぶ卍,Marisa,170277,Japan,1496035
32rev,Zangief,170262,Japan,1030537
置きおじ,Ken,170260,Japan,1096498
どきゅCH,Cammy,170207,Japan,1562268
inaba,Marisa,170190,Japan,1848372
target153,Dee Jay,170190,Japan,850982
tetsu,Chun-Li,170154,Japan,1218325
うにゅもん,Edmond Honda,170149,Japan,314277
undercooled,Juri,170146,China,1154496
sasayama6,Edmond Honda,170136,Japan,2146200
Not_Renan,Chun-Li,170093,Brazil,1438067
DJ_Sonnyb,Marisa,170090,United Kingdom,1070861
でけーサメ,Manon,170056,Japan,1345714
kuryan,Manon,170031,Japan,1953771
ああああ,Cammy,169991,Japan,2213266
HIOCKY,Dhalsim,169945,Japan,818181
St Yoshi,Cammy,169930,Other,1454153
Mrかませ,Marisa,169915,Japan,1841267
arrancamelon,Blanka,169904,Brazil,1439727
iroan_wob,Dee Jay,169888,Japan,1325041
XIAOHAIIII,Ken,169845,China,216042
やっさん,Jamie,169821,Japan,2743261
わふうお,JP,169786,Japan,1067813
nona,Lily,169718,Japan,604613
和泉康太,JP,169709,Japan,1304038
kisuke,Ryu,169683,Japan,1232520
GoodBadBrother,Chun-Li,169668,United States,1701952
sy0uyu,Kimberly,169668,Japan,1018108
Earl,Ken,169645,Dominican Republic,1067609
MasterMT,Luke,169595,Germany,917766
アンノウン,Guile,169583,Japan,1369506
CrossoverRD,Ken,169576,Dominican Republic,754282
かつだい,Luke,169518,Japan,1280448
1755e4,A.K.I.,169514,Japan,1129880
Dankadillas,Dhalsim,169496,Mexico,1378592
げこりんちゃんVtuber,Luke,169474,Japan,1142756
TAKETIN0109,Ken,169440,Japan,1459856
Digitalモンク,Ken,169429,Japan,1628295
nnmr,Dee Jay,169412,Japan,1540597
MetalBird,Chun-Li,169393,China,1212712
ヤニクラトウフ,Juri,169383,Japan,1905052
okuri1981,Dee Jay,169379,Japan,1703087
Limestone09,Ken,169343,Colombia,643396
Greasy Feet,Dee Jay,169266,Brazil,1110644
Rudolf.K,Zangief,169260,Japan,1448195
Pirosiki,Luke,169213,Japan,1167651
えんちょう,A.K.I.,169205,Japan,1197961
Fidan,Luke,169065,Belgium,962165
TWMok_PC,Blanka,169051,Japan,269868
THE COOL KID93,Rashid,169050,United States,1463184
Xerna,Juri,169049,Netherlands,1181557
ペリトロッポパッタイ,Cammy,169031,Japan,711661
えもんだよー！,Luke,169014,Japan,1213287
ボナペティート山岡,Luke,168952,Japan,1183460
ダイナマイ10Boy,Ken,168935,Japan,950248
HIKARU_ssbu,Luke,168880,Japan,1846706
bibio,Juri,168809,Japan,1061998
おーば.,Jamie,168806,Japan,1163730
糖油果子,Dee Jay,168773,China,290552
ともぞう,Jamie,168752,Japan,707945
drt ghy,Ken,168751,Other,1111192
ねんじろう,A.K.I.,168724,Japan,761937
红温战士,JP,168674,China,972674
word,Jamie,168666,China,1763095
talacolatta,Dee Jay,168664,Japan,961215
owaechan,Ken,168626,Japan,1604327
sikitam,Chun-Li,168575,Japan,1314781
イナガキ,Luke,168575,Japan,1046489
doi_tabasco,Manon,168570,Japan,1408821
Bairon,Marisa,168552,Japan,1415421
CleggMadness,Juri,168552,United States,883531
Paradise,A.K.I.,168530,Other,1080341
Yukimo,Luke,168495,Japan,184458
JF-Keydash,Guile,168436,Argentina,806646
あめや。,Jamie,168413,Japan,896779
ヨコシマ,Lily,168404,Japan,2216763
mons90,Juri,168397,Japan,1716273
Cachexic,Ryu,168386,United States,1384294
[SAJ],Blanka,168375,Japan,677491
AfterDeath,Zangief,168348,Australia,1919903
孤獨美食雞,Blanka,168337,Barbados,593666
Dodonpa,Chun-Li,168334,Japan,2505444
RoFu,JP,168281,Australia,814022
淡路島マキシマ,Ryu,168273,Japan,629937
Ryussy,Rashid,168245,United States,1184395
nppp,Marisa,168244,Japan,696670
はりまです,Luke,168210,Japan,1205042
KimYasoo,Jamie,168170,South Korea,876713
オオヌキ,Chun-Li,168169,Japan,706785
GuyIncognito,Lily,168162,United States,1166331
MoMo,JP,168158,Brazil,981156
あかつき,Jamie,168128,Japan,1235391
The4philzz,JP,168075,United Kingdom,678535
Hado_Jacvinjack,JP,168030,Cameroon,948502
GGAllidar,Luke,167998,Philippines,372909
Djoolyurn,Zangief,167988,Australia,1269720
Freeway,Guile,167979,Other,990143
鱼头，参上,Zangief,167976,China,1987640
Kaymin,Juri,167975,Lebanon,1318908
TessTary,Rashid,167960,France,998670
健康な野菜,Jamie,167915,Japan,736234
nakkar_16,Zangief,167876,Japan,1167170
Lukzban,Jamie,167875,Brazil,1929965
cadman,Dhalsim,167859,Other,3437588
しろれん,Zangief,167856,Japan,1364741
Met@L,JP,167834,Japan,1091990
タケシム,Dhalsim,167817,Japan,754507
harakawa,Juri,167782,Japan,1127842
Kamikura,Juri,167775,Japan,1723106
Dookie-PC,JP,167763,Argentina,1433704
神洋123,Cammy,167750,China,599536
koyomi alive,Cammy,167746,Australia,1183510
xOnlyDeviL,Juri,167721,Brazil,652378
FizzyKups,A.K.I.,167699,United States,878495
はやお880,Zangief,167646,Japan,747684
ぜっとん,Guile,167644,Japan,1621170
WESTAS,Edmond Honda,167636,Japan,1929178
風さんやで♪,Blanka,167612,Japan,1659014
akiradayo,Marisa,167545,Japan,597731
Glitch,Cammy,167472,Dominican Republic,700497
THE DEB,Dhalsim,167363,Japan,318228
llAURALEEll,Manon,167361,Japan,1543140
sawasama,Guile,167343,Japan,586369
ダンデライオン,Edmond Honda,167314,Japan,661992
NGP_Anunnaki,Guile,167311,Peru,1224760
40%Flashkick,Marisa,167294,United States,918286
Cheshire,Ryu,167275,South Korea,2298973
bcchoi,Dhalsim,167269,United States,951343
GranTODAKAI ttv,JP,167265,Panama,1483995
葬送のゆーやさん,Chun-Li,167258,Japan,1498711
Phantome,Luke,167254,United States,748712
mili,Marisa,167198,Japan,932040
Spinning2Win,JP,167189,Canada,1287200
pipiling@family,Kimberly,167181,Other,945286
yotori,Juri,167094,Japan,1268839
もぐぞー,Edmond Honda,167060,Japan,1241929
b-Kuro,Ken,167048,Japan,2094303
yamasan210,Chun-Li,167047,Japan,986658
fixmybrain,Luke,167026,United States,1019547
Yyyyyyyyyyyyyyy,Luke,166972,China,1386806
Fram,JP,166942,South Korea,805407
小6の双子(弟),Ken,166879,Japan,811670
Mucmaster,Blanka,166869,Canada,975802
CHOCOFGC,Guile,166859,Mexico,762869
Señor_Chang,JP,166856,United Kingdom,1292948
matsudud_pc,Edmond Honda,166795,Japan,1493722
きのーこ,Dhalsim,166788,Japan,431539
Capitão Gancho,Marisa,166745,Brazil,1088944
Dumsurfer,Lily,166719,United States,2125026
Finessedan,Dee Jay,166704,United States,2563296
Noma,Rashid,166676,Japan,1540497
爆笑流菜鸟玩家,JP,166664,China,1821906
zaru,Rashid,166633,Japan,1122469
くろいつ！,Guile,166622,Japan,1036894
救済の魔女  その性質は慈悲,Juri,166616,Japan,1483043
抖音阿虚不会玩了,Ken,166612,China,1664511
Magicarper,Dee Jay,166604,Sweden,1655078
GlitterbiteVT,Marisa,166603,United Kingdom,2289555
Kadoanya,Chun-Li,166599,Japan,1726429
OriginalCostume,Luke,166575,Other,908528
zagloul,Luke,166514,Algeria,1314674
宗蔵Twitch配信,Dee Jay,166489,Japan,1197125
ぼんコプター,JP,166469,Japan,1470623
Caio_cfs,Rashid,166438,Brazil,1594703
こなつ＠,Dhalsim,166431,Japan,1427410
Knee_Khan,Rashid,166424,Other,1697748
B站魔都100两两,JP,166400,China,1960784
amane,Jamie,166354,Japan,2726226
Jodie_Comer,Ken,166342,Japan,2152215
LOXO,Blanka,166331,Japan,4600321
Mr. D,Chun-Li,166322,Brazil,916184
なみだねこ,Ryu,166280,Japan,1407200
Haramaki,JP,166254,Japan,227795
おりゅ_3rd,Ken,166227,Japan,499626
REIN388,Dee Jay,166176,Other,1239427
Sugi,Kimberly,166175,Japan,829282
Yamarster,JP,166159,Japan,650162
Launch,JP,166158,United Kingdom,127776
おMew,Chun-Li,166068,Japan,999817
Capixo,Dee Jay,166034,Brazil,1976179
Monsterjujuju,Dhalsim,165995,Japan,1666090
千葉のエボラ,Cammy,165993,Japan,655496
Raifa,Guile,165985,Japan,285203
馬刺し君,Chun-Li,165962,Japan,1033159
Neyyon24,Luke,165957,Japan,2175353
gajigaji,Jamie,165943,Japan,1170306
tok1ya,Ken,165851,Japan,1107200
Joxero,JP,165827,Spain,2053811
JP 爽,JP,165667,China,1112277
maka_bou,Dhalsim,165588,Japan,745677
和製’TURBO,Ken,165524,Japan,2042027
Aone,Dee Jay,165520,Japan,2261098
3333,Cammy,165456,Japan,1185678
Harouto,Ryu,165418,Armenia,626204
Boomano,Ken,165403,Other,925430
"全体上刺刀,准备进攻！",Zangief,165381,China,288848
Black Heart,Guile,165364,Italy,1204073
Cadê o patch?,Rashid,165354,Brazil,645441
dadumbo22,Luke,165325,Other,1451145
Kawaguchi,Rashid,165270,Japan,2685275
ぶどうの男,Dee Jay,165265,Japan,1929058
FREZZER,JP,165260,Morocco,724175
teest,A.K.I.,165259,Japan,963152
tanepos,Guile,165252,Japan,1917
Modern Gamer,Luke,165243,Cyprus,984476
Smackle,JP,165235,United States,1520767
Crispe,Cammy,165201,United States,1393608
Dapvip,Kimberly,165174,Other,843868
♀芸者♀,A.K.I.,165167,Japan,1828058
JuniorLeo,Ken,165124,France,642721
a scrub,Edmond Honda,165114,Canada,557602
LOZT,JP,165071,Japan,628401
Griva_,Ryu,164986,Kazakhstan,703240
NeighBuRrR,Cammy,164961,United States,832748
ピヨピヨ,Zangief,164939,Japan,1359788
Kusanagi,Marisa,164930,Venezuela,1046163
rakijou_DF,Juri,164910,Other,896918
hirata,Luke,164896,Japan,2449948
Kahunah,Ken,164888,United States,1642429
Bloodsong,JP,164876,Other,1706904
貫通 and...,Chun-Li,164873,Japan,1120855
YamchaFGC,Manon,164844,Brazil,1071730
burg-2,Luke,164829,Japan,1202314
パニーニ,Juri,164821,Japan,1778906
koyabuOGs,Edmond Honda,164803,Japan,703428
Flaquito,Jamie,164797,United States,972174
疯子也疯狂,Marisa,164781,China,666017
SHINGOGOGO,Zangief,164768,Japan,1121350
Davy,Dhalsim,164748,United States,1227529
Stachington,Marisa,164664,United States,1783437
kandon,Ken,164627,Japan,705756
arealguile,Guile,164625,Jordan,537526
renasu02,Juri,164621,Japan,857216
Siinon,Manon,164552,Other,1748879
godofjimmy1,Jamie,164512,Japan,1049917
Le A,Guile,164510,France,1074850
鬼塚やくも,Jamie,164497,Japan,1341839
羅漢(ao),Edmond Honda,164495,Japan,1858019
Sugar,Dee Jay,164491,Bahrain,869197
narimichi,Ryu,164474,Japan,2025944
eitino,Dhalsim,164445,Japan,1798973
CalmBirdXD,Ken,164411,Brazil,1003181
SchiacciSempre,Dee Jay,164407,Italy,1782284
turtleguy,Edmond Honda,164356,Indonesia,1150157
omg_sesame,Dhalsim,164324,Singapore,5101627
Kawaguchi,Jamie,164318,Japan,2685275
su555,Guile,164287,Japan,1276652
M2Cloud,Juri,164228,Germany,1933681
shikiso,JP,164226,Japan,1249161
heisho777,Dee Jay,164220,Japan,924720
sikkemi,Ryu,164208,Japan,1213429
donko1111,Ken,164171,Japan,904424
なまこ48,Blanka,164142,Japan,1600597
コパちゃん,Dee Jay,164013,Japan,843038
稲場愛香（偽）,Zangief,164012,Japan,1058532
marito0720,Dee Jay,163970,Japan,1723053
DTN_NoNeed,Lily,163964,United States,1072157
aponstick,Ken,163963,Japan,880626
Sultan,Dee Jay,163928,United Kingdom,1420576
kim23,Luke,163894,Japan,1927928
Keyai,Manon,163890,Japan,852298
maohara,Luke,163796,Japan,958884
den．,Rashid,163788,Japan,1904903
Trippie,Jamie,163770,United States,1590921
Alkhabbaz,Ken,163743,Other,1373662
MIT Honda,Cammy,163739,Kuwait,773405
Akami12,Lily,163701,Belgium,410284
QANBA-DAKOU,Dee Jay,163666,China,643854
はにゅー,Dee Jay,163658,Japan,854620
緑ぺこ(midopeko),Ken,163652,Japan,615691
HarryMK,Luke,163634,United States,2219199
Kuzco'sPoison,Blanka,163621,Brazil,1230902
Capote,Lily,163602,United States,936016
たかまーさ,Ken,163582,Japan,1015630
Bojac100,Jamie,163553,Honduras,2057201
GlitchRez,Guile,163532,Brazil,875937
SRBひーさん,Ken,163513,Japan,893968
トンコツ,Rashid,163494,Japan,330445
酱香引擎，启动！,Jamie,163491,China,1689172
Takhos,Ken,163478,Japan,1069598
bobbyboom,Guile,163385,Other,1669217
小路KOG@my song,Dee Jay,163357,Japan,1054878
EnzoTheHokage,Ken,163334,United States,1005251
Nohn Doe,Luke,163298,Japan,1217597
SeanWhy,Chun-Li,163250,United States,890433
Hiko,Chun-Li,163247,China,1112091
kirara,Luke,163232,Japan,868982
Reiketsu,Jamie,163189,Japan,1179798
Doomz,Ken,163184,United States,1063127
Luffy,Marisa,163134,France,1418024
Jake Ryan,Ken,163098,United States,1870207
Mr-MadGear,Marisa,163089,United States,728019
FatalityFalcon,Dee Jay,163072,United States,1224872
百事可乐不好喝丶,Marisa,163044,China,228433
SizoW,Luke,163001,France,1611411
BlockbusterJon,Ryu,162978,United States,590317
星月ヨル,Rashid,162971,Other,1488322
DWSGCM,Kimberly,162953,China,775686
DEDEDON,Rashid,162929,Japan,499053
halola,Zangief,162865,United Kingdom,2040872
どくだみ,JP,162848,Japan,2373424
BLK | Craime,Ken,162847,Chile,1754561
teLo,Chun-Li,162834,Jamaica,1230377
SLC TY,Dee Jay,162816,Japan,646953
scrubby Sim,Dhalsim,162798,Other,187380
huzi1234,Guile,162779,China,678175
Daaa3,Ken,162759,Japan,1459977
全全爸爸,Zangief,162729,Other,718609
ウラベ@セス待ち,JP,162717,Japan,693938
Shimul | BD,Chun-Li,162676,Bangladesh,700852
Chrisymandias,Zangief,162673,United States,1418310
bujogi,Marisa,162670,Austria,1235267
DJ BOSH,Dee Jay,162590,Japan,446739
Koglee,Ken,162527,Panama,1189970
HickzX,Kimberly,162515,Brazil,973318
MBR402,Luke,162491,Netherlands,777241
xave,Guile,162478,Australia,1085370
MDZ_jimmY,Ryu,162451,Germany,1135309
KKKCCC,Edmond Honda,162420,China,814554
Jump,Rashid,162419,United Arab Emirates,939354
アカゲラ,Guile,162406,Other,1597795
Legendary??????,Ken,162384,United States,1561540
alissonmetroid,Zangief,162316,Brazil,1143464
あっつい!,JP,162286,Japan,1225270
ADAD,Juri,162257,Other,866761
shoo_0909,Guile,162254,Japan,1286853
-------,JP,162195,China,405812
TTV/og_killakam,Ken,162173,Kiribati,910645
netalow,JP,162161,Japan,724434
DragonVonDoom,Ken,162155,United States,1366445
SHADES_BR,JP,162135,Brazil,593162
しゅくだ,Luke,162122,Japan,3444668
MaiDongGe,Marisa,162104,China,483323
おじやのお替りけっこう子,Dee Jay,162087,Japan,1253818
NFMS Baek,Cammy,162057,Chile,1008059
7083,Guile,162002,Japan,758397
ozee,Kimberly,161959,United States,1083947
やりこみでごわす,Edmond Honda,161958,Japan,1401576
lBoil3R,Cammy,161902,Other,1663185
ひこたか,Luke,161888,Japan,1417826
fhASSA,Marisa,161885,Germany,570946
101 Dalmatian,Guile,161858,Japan,1433601
EGO | hishow,Edmond Honda,161823,Japan,1796921
安全きんにく,Rashid,161797,Japan,1551137
Scythe,Guile,161764,United States,1291321
The_3spectro,A.K.I.,161740,Brazil,1618149
potengel16,Jamie,161719,Japan,2024257
backn,Marisa,161716,Japan,1326616
Nagai minoru,Ryu,161672,Japan,1023399
日照索隆,Zangief,161664,China,847875
onsns,Lily,161664,Japan,1929495
Picard,Blanka,161654,Brazil,1814187
taso_fgc,Ken,161634,United States,7610845
シゲダカゲキ,Ken,161579,Japan,1103302
Twitch　かふぇヰん,Dee Jay,161538,Japan,1522583
Celeron,Cammy,161527,United States,1764083
bloodredwalker,Guile,161521,Japan,1060692
トウカイテイオー,JP,161502,Japan,3056624
D A Z,Ken,161484,Spain,1781265
K4LL3PRO,Zangief,161460,Germany,247504
もあいさん,Edmond Honda,161433,Japan,643963
-卡爆-,Ken,161416,China,216712
詫びおじさん,Jamie,161410,Japan,907346
cola321,Cammy,161408,Other,1252470
Gerry_ColdHands,Marisa,161402,United States,1872059
ぬー/新ボタン配置練習中,Luke,161366,Japan,1703732
Askeladd,Ken,161325,China,1962507
Sleepy Sheepy,Dee Jay,161306,Netherlands,477947
aliensnashwaian,Guile,161283,Brazil,1797883
mouzeta,Guile,161245,Peru,1091315
sikitam,Cammy,161231,Japan,1314781
????,Rashid,161228,Japan,1658927
FlashMetroid,Chun-Li,161213,Dominican Republic,2663099
masuton,Ken,161204,Japan,1990805
Mariku,Juri,161200,Morocco,791722
Solidjin,Jamie,161185,France,1286377
I R Z,Dee Jay,161166,Dominican Republic,1997603
ODねこぱんち,Chun-Li,161162,Japan,6045451
PENBAA,Blanka,161140,Japan,766862
saburo2525,Ken,161076,Japan,1505098
ginji007,Kimberly,161074,Japan,1744279
bakudan,Ken,161072,Japan,1070008
hirodog_megane,Marisa,161043,Japan,1412053
Leebyyi,Rashid,161040,China,1031843
GubniPR,Ken,161012,South Korea,2674334
MexiPads,Ryu,160984,Mexico,468741
LiuMang,Marisa,160916,China,1549020
Zibub,Ken,160880,Monaco,1571541
DragonFace,Ken,160874,United Kingdom,311839
らおやむやむ☆ハイハイ謝謝♪,Marisa,160800,Japan,909140
ホワイトファング,Zangief,160789,Japan,1225756
OTL_XyP,Marisa,160771,Chile,1461262
おぺすだ,Dee Jay,160762,Japan,1372948
flow_jack,Ken,160741,Japan,1055753
Daweed,Juri,160740,Germany,1455227
Zackbozz,Chun-Li,160738,United States,1081381
ウエモト,Luke,160697,Japan,2182782
Somniac,Luke,160691,Australia,1141055
SASORI,Ryu,160689,Japan,1396767
S狗┐(´-｀)┌,JP,160685,China,265576
Cosco,Blanka,160617,South Korea,1289938
KINGおじいちゃん,Juri,160576,Japan,768309
ガラスちゃん,Marisa,160537,Japan,1374459
なぐらっち,Rashid,160531,Japan,1610655
haggenn,Marisa,160525,Brazil,1742007
極上‼めちゃモテ委員長,Edmond Honda,160472,Japan,986969
Mopuulapo,Ken,160437,Côte d'Ivoire,1050377
ああああ,Cammy,160400,Japan,2307730
FrLin,Zangief,160392,Other,1182537
HDG_BorisE,Luke,160387,Bolivia,1186700
HelloKittyRicki,Chun-Li,160380,Mexico,840506
どんぐり君,Juri,160372,Japan,1101940
Electribe,Kimberly,160349,Japan,569293
Evoll,Juri,160337,Brazil,1694628
RisoH,Luke,160336,Germany,976449
wawonn,JP,160321,Japan,981991
SEVEN_PISCES,Luke,160315,United States,1230870
ひらおうとつ,Chun-Li,160312,Japan,1365535
Lucas_rocha28,Kimberly,160282,Brazil,1350705
Nokawaii Nolife,Luke,160273,South Korea,663681
期待你的爱,Ken,160223,China,910980
Fuhajin-BE,Juri,160204,Belgium,1223897
Samoel,Juri,160202,Spain,2042002
happymanth,Rashid,160180,Thailand,2316610
Mizoguchi,Ryu,160136,United States,1545892
Ferny,Zangief,160106,United States,622605
tollbepa,Luke,160100,Other,656643
player_zero9,Manon,160063,Japan,1118484
Mr_Ken,Ken,160057,Brazil,1424913
ゆるハイカー,Ryu,160050,Japan,1813781
Hurricane,Guile,160040,Cameroon,3194407
泽哥好厉害,Jamie,159982,China,1693213
NADVET,JP,159972,Algeria,906562
